İlan no,Son Güncelleme Tarihi,Konut Tipi,Oda + Salon Sayısı,Brüt / Net M2,Bulunduğu Kat,Bina Yaşı,Isınma Tipi,Kat Sayısı,Krediye Uygunluk,Eşya Durumu,Banyo Sayısı,Yapı Tipi,Yapının Durumu,Kullanım Durumu,Tapu Durumu,Aidat,Takas,Cephe,Kira Getirisi,Yakıt Tipi,Ada No,Parsel No,Yetkili Ofis,city,district,price
7000-4440,24-10-2024,Daire,4 + 1,179 m2 / 165 m2,1. Kat,16 Yaşında,Kombi,6 Katlı,Uygun,Eşyalı Değil,1,Betonarme,İkinci El,Kiracılı,Kat Mülkiyeti,2.300 TL,Hayır,"Kuzey, Batı",25.000 TL,Doğalgaz,46460,1,Evet,Ankara,Etimesgut,7.000.000 TL
86972-2293,30-10-2024,Daire,5 + 1,300 m2 / 250 m2,10. Kat,8 Yaşında,Merkezi (Pay Ölçer),12 Katlı,Uygun,Eşyalı Değil,2,Betonarme,İkinci El,Mülk Sahibi,Kat Mülkiyeti,1.250 TL,Evet,"Güney, Doğu, Batı",46 TL,Doğalgaz,,,Evet,Ankara,Etimesgut,8.900.000 TL
86972-2248,30-10-2024,Daire,4 + 1,190 m2 / 175 m2,8. Kat,5 Yaşında,Merkezi (Pay Ölçer),9 Katlı,Uygun,Eşyalı Değil,2,Betonarme,İkinci El,Mülk Sahibi,Kat Mülkiyeti,900 TL,Evet,"Kuzey, Doğu, Batı",30.000 TL,Doğalgaz,,,Evet,Ankara,Etimesgut,7.675.000 TL
110538-3355,27-10-2024,Daire,3 + 1,110 m2 / 86 m2,1. Kat,14 Yaşında,Kombi,4 Katlı,Uygun,Eşyalı Değil,1,,İkinci El,Mülk Sahibi,Kat Mülkiyeti,,,"Kuzey, Doğu, Batı",,,159,12,Evet,Ankara,Sincan,2.500.000 TL
110538-3294,21-10-2024,Daire,4 + 1,196 m2 / 175 m2,9. Kat,2 Yaşında,Merkezi (Pay Ölçer),26 Katlı,Uygun,Eşyalı Değil,2,Betonarme,İkinci El,Mülk Sahibi,Kat Mülkiyeti,2.200 TL,Hayır,"Kuzey, Batı",,Doğalgaz,,,Evet,Ankara,Etimesgut,11.500.000 TL
141761-615,14-10-2024,Daire,4 + 1,200 m2 / 180 m2,5. Kat,18 Yaşında,Merkezi (Pay Ölçer),13 Katlı,Uygun,Eşyalı Değil,2,,İkinci El,Mülk Sahibi,,,Hayır,"Kuzey, Batı",,Doğalgaz,,,Evet,Ankara,Etimesgut,11.000.000 TL
31522-14665,30-10-2024,Daire,2 + 1,90 m2 / 80 m2,Giriş Katı,4 Yaşında,Kombi,3 Katlı,Uygun,Eşyalı Değil,1,Betonarme,Sıfır,Boş,Kat Mülkiyeti,100 TL,Evet,"Güney, Doğu, Batı",25.000 TL,Doğalgaz,,,Evet,Ankara,Keçiören,3.390.000 TL
5784-2302,30-10-2024,Daire,3 + 1,100 m2 / 90 m2,Yüksek Giriş,35 Yaşında,Kombi,3 Katlı,Uygun,Eşyalı Değil,1,Kagir,İkinci El,Boş,Kat Mülkiyeti,,Hayır,,30.000 TL,Doğalgaz,,,Evet,Ankara,Çankaya,4.300.000 TL
64798-1090,28-10-2024,Daire,2 + 1,115 m2 / 100 m2,Bahçe Katı,25 Yaşında,Kombi,3 Katlı,Uygun,Eşyalı Değil,1,Betonarme,İkinci El,Boş,Kat Mülkiyeti,100 TL,Evet,"Güney, Doğu, Batı",15.000 TL,Doğalgaz,11111,11,Evet,Ankara,Keçiören,2.099.000 TL
5116-1539,28-10-2024,Daire,4 + 1,200 m2 / 180 m2,3. Kat,3 Yaşında,Merkezi (Pay Ölçer),17 Katlı,Uygun,Eşyalı Değil,2,Betonarme,İkinci El,Mülk Sahibi,Kat Mülkiyeti,,Evet,"Güney, Doğu",35.000 TL,Doğalgaz,,,Evet,Ankara,Keçiören,6.650.000 TL
63021-8252,28-10-2024,Daire,3 + 1,160 m2 / 150 m2,1. Kat,15 Yaşında,Kombi,4 Katlı,Uygun,Eşyalı Değil,2,Betonarme,Sıfır,Boş,Kat Mülkiyeti,,Evet,"Güney, Doğu, Batı",40.000 TL,Doğalgaz,,,Evet,Ankara,Çankaya,5.750.000 TL
92647-3931,26-10-2024,Daire,5 + 1,200 m2 / 180 m2,Yüksek Giriş,6 Yaşında,Kombi,5 Katlı,Uygun,Eşyalı Değil,2,Betonarme,İkinci El,Mülk Sahibi,Kat Mülkiyeti,,Hayır,"Güney, Batı",,Doğalgaz,,,Evet,Ankara,Etimesgut,6.800.000 TL
151610-9,26-10-2024,Daire,2 + 1,90 m2 / 85 m2,Giriş Katı,35 Yaşında,Kombi,3 Katlı,Uygun,Eşyalı Değil,1,Betonarme,İkinci El,Boş,Kat Mülkiyeti,100 TL,,Doğu,13.000 TL,Doğalgaz,,,Evet,Ankara,Etimesgut,1.700.000 TL
114144-2146,10-10-2024,Daire,1 + 1,65 m2 / 55 m2,Bahçe Katı,5 Yaşında,Yerden Isıtma,3 Katlı,Uygun değil,Eşyalı Değil,1,Betonarme,İkinci El,Boş,Kat Mülkiyeti,,Hayır,"Güney, Batı",,Doğalgaz,,,Evet,Ankara,Çankaya,4.500.000 TL
4380-12009,29-09-2024,Daire,3 + 1,90 m2 / 80 m2,Kot 1,30 Yaşında,Kombi,2 Katlı,Uygun,Eşyalı Değil,1,Betonarme,İkinci El,Mülk Sahibi,Kat Mülkiyeti,,Hayır,,15.000 TL,Doğalgaz,,,Evet,Ankara,Çankaya,1.890.000 TL
4380-11991,11-09-2024,Daire,3 + 1,120 m2 / 110 m2,2. Kat,35 Yaşında,Kombi,4 Katlı,Uygun,Eşyalı Değil,1,Betonarme,İkinci El,Boş,Kat Mülkiyeti,,Hayır,,,Doğalgaz,,,Evet,Ankara,Çankaya,3.490.000 TL
4380-10662,03-09-2024,Daire,4 + 1,250 m2 / 210 m2,14. Kat,Sıfır Bina,Merkezi (Pay Ölçer),22 Katlı,Uygun,Eşyalı Değil,3,Betonarme,Sıfır,Kiracılı,Kat Mülkiyeti,,Evet,"Kuzey, Batı",60.000 TL,Doğalgaz,,,Evet,Ankara,Etimesgut,10.250.000 TL
4380-11921,29-08-2024,Daire,3 + 1,240 m2 / 205 m2,2. Kat,27 Yaşında,Kombi,2 Katlı,Uygun,Eşyalı Değil,2,Betonarme,İkinci El,Boş,Kat Mülkiyeti,,Hayır,"Doğu, Batı",,Doğalgaz,,,,Ankara,Çankaya,6.000.000 TL
4380-11957,13-08-2024,Daire,4 + 1,185 m2 / 165 m2,2. Kat,30 Yaşında,Kombi,2 Katlı,Uygun,,2,Betonarme,Sıfır,Boş,Kat Mülkiyeti,,Hayır,,,Doğalgaz,,,Evet,Ankara,Çankaya,5.650.000 TL
4537-10547,25-10-2024,Daire,6 + 1,325 m2 / 285 m2,3. Kat,27 Yaşında,Kombi,4 Katlı,Uygun,Eşyalı Değil,3,Betonarme,İkinci El,Mülk Sahibi,Kat Mülkiyeti,,Hayır,Batı,,Doğalgaz,,,Evet,Ankara,Çankaya,10.500.000 TL
2726-7470,25-10-2024,Daire,3 + 1,140 m2 / 120 m2,1. Kat,25 Yaşında,Kombi,3 Katlı,Uygun,Eşyalı Değil,1,Betonarme,İkinci El,Mülk Sahibi,Kat Mülkiyeti,50 TL,Hayır,Batı,18.000 TL,Doğalgaz,,,,Ankara,Keçiören,2.550.000 TL
2726-7405,24-10-2024,Daire,5 + 1,310 m2 / 300 m2,9. Kat,20 Yaşında,Merkezi,12 Katlı,Uygun,Eşyalı Değil,3,Betonarme,İkinci El,Boş,Kat Mülkiyeti,1 TL,Hayır,Güney,,Doğalgaz,,,Evet,Ankara,Keçiören,12.500.000 TL
114144-2090,27-10-2024,Daire,1 + 1,100 m2 / 50 m2,Giriş Katı,Sıfır Bina,Kombi,4 Katlı,Uygun,Eşyalı Değil,1,Betonarme,Sıfır,Boş,Kat Mülkiyeti,,Hayır,,25.000 TL,Doğalgaz,,,Evet,Ankara,Çankaya,4.250.000 TL
147632-45,23-10-2024,Daire,1 + 1,47 m2 / 45 m2,Yüksek Giriş,1 Yaşında,Kombi,3 Katlı,Uygun değil,Eşyalı Değil,1,Betonarme,Sıfır,Boş,Kat Mülkiyeti,,Evet,"Kuzey, Batı",12.000 TL,Doğalgaz,53,14,Evet,Ankara,Çubuk,1.300.000 TL
61156-5931,11-10-2024,Daire,3 + 1,135 m2 / 130 m2,1. Kat,16 Yaşında,Kombi,4 Katlı,Uygun,Eşyalı Değil,1,Betonarme,İkinci El,Kiracılı,Kat Mülkiyeti,300 TL,Hayır,"Güney, Batı",25.000 TL,Doğalgaz,26339,1,Evet,Ankara,Çankaya,3.250.000 TL
113784-1275,25-10-2024,Daire,3 + 1,140 m2 / 130 m2,2. Kat,15 Yaşında,Kombi,5 Katlı,Uygun,Eşyalı Değil,1,Betonarme,İkinci El,Boş,Kat Mülkiyeti,250 TL,Hayır,"Kuzey, Güney, Batı",25.000 TL,Doğalgaz,,,Evet,Ankara,Keçiören,3.389.000 TL
135726-823,25-10-2024,Daire,3 + 1,120 m2 / 110 m2,2. Kat,30 Yaşında,Kombi,3 Katlı,Uygun,Eşyalı Değil,1,Betonarme,İkinci El,Mülk Sahibi,Tapu Yok,100 TL,Hayır,"Güney, Batı",20.000 TL,Doğalgaz,,,Evet,Ankara,Keçiören,3.289.000 TL
2545-8097,25-10-2024,Daire,4 + 1,180 m2 / 170 m2,1. Kat,1 Yaşında,Kombi,9 Katlı,Uygun,,2,Betonarme,Sıfır,Boş,Kat Mülkiyeti,,Hayır,,,Doğalgaz,,,Evet,Ankara,Pursaklar,4.500.000 TL
63021-7709,25-10-2024,Daire,3 + 1,185 m2 / 170 m2,7. Kat,4 Yaşında,Merkezi (Pay Ölçer),7 Katlı,Uygun,Eşyalı Değil,2,Betonarme,Sıfır,Mülk Sahibi,Kat Mülkiyeti,,Hayır,,50.000 TL,Doğalgaz,,,Evet,Ankara,Çankaya,8.950.000 TL
140913-244,27-10-2024,Daire,3 + 1,130 m2 / 120 m2,5. Kat,11 Yaşında,Merkezi (Pay Ölçer),13 Katlı,Uygun,Eşyalı Değil,1,,,Kiracılı,Kat Mülkiyeti,,Evet,"Güney, Batı",,,,,,Ankara,Yenimahalle,3.450.000 TL
140913-262,25-10-2024,Daire,3 + 1,145 m2 / 135 m2,Ara Kat,21 Yaşında,Kombi,4 Katlı,Uygun,Eşyalı Değil,1,Betonarme,İkinci El,Boş,Kat Mülkiyeti,100 TL,Evet,"Kuzey, Güney, Doğu, Batı",30.000 TL,Doğalgaz,4,8,Evet,Ankara,Altındağ,2.900.000 TL
140913-253,25-10-2024,Daire,3 + 1,120 m2 / 105 m2,Kot 1,21 Yaşında,Kombi,4 Katlı,Uygun,Eşyalı Değil,1,,,Boş,Kat Mülkiyeti,,Evet,"Güney, Doğu",,,,,,Ankara,Keçiören,2.590.000 TL
140913-249,25-10-2024,Daire,2 + 1,145 m2 / 130 m2,12. Kat,4 Yaşında,Merkezi (Pay Ölçer),21 Katlı,Uygun,Eşyalı Değil,2,,,Mülk Sahibi,Kat Mülkiyeti,,Evet,"Güney, Doğu, Batı",,,,,,Ankara,Keçiören,4.985.000 TL
139274-58,04-10-2024,Villa,5 + 1,350 m2 / 320 m2,,Sıfır Bina,Yerden Isıtma,2 Katlı,Uygun,Eşyalı Değil,4,Betonarme,Sıfır,Boş,Kat Mülkiyeti,,Hayır,"Kuzey, Güney, Doğu, Batı",,Doğalgaz,,,Evet,Ankara,Gölbaşı,25.000.000 TL
139274-66,12-10-2024,Daire,3 + 1,100 m2 / 90 m2,Yüksek Giriş,5 Yaşında,Kombi,3 Katlı,Uygun,Eşyalı Değil,1,Betonarme,İkinci El,Boş,Kat Mülkiyeti,,Hayır,"Güney, Batı",,Doğalgaz,,,Evet,Ankara,Mamak,1.750.000 TL
143869-150,09-10-2024,Daire,3 + 1,110 m2 / 100 m2,Yüksek Giriş,25 Yaşında,Kombi,3 Katlı,Uygun,Eşyalı Değil,1,Betonarme,İkinci El,Mülk Sahibi,Kat Mülkiyeti,100 TL,Hayır,Doğu,16.000 TL,Doğalgaz,,,Evet,Ankara,Keçiören,1.690.000 TL
6171-6765,23-10-2024,Daire,2 + 1,80 m2 / 70 m2,Yüksek Giriş,30 Yaşında,Kombi,3 Katlı,Uygun,Eşyalı Değil,1,Betonarme,İkinci El,Boş,Kat Mülkiyeti,,Hayır,"Güney, Batı",17.000 TL,Doğalgaz,,,Evet,Ankara,Çankaya,2.500.000 TL
144249-177,22-10-2024,Daire,3 + 1,280 m2 / 220 m2,2. Kat,26 Yaşında,Kombi,2 Katlı,Uygun değil,Eşyalı Değil,2,,,Mülk Sahibi,Kat İrtifakı,,Hayır,"Güney, Doğu, Batı",,,,,,Ankara,Çankaya,5.750.000 TL
148114-179,25-10-2024,Daire,3 + 1,135 m2 / 125 m2,1. Kat,Sıfır Bina,Kombi,3 Katlı,Uygun,Eşyalı Değil,2,Betonarme,Sıfır,Boş,Kat Mülkiyeti,,Hayır,"Kuzey, Doğu, Batı",,Doğalgaz,,,Evet,Ankara,Sincan,2.949.000 TL
2490-1088,26-10-2024,Villa,8 + 4,600 m2 / 510 m2,,5 Yaşında,Kombi,3 Katlı,Uygun,Eşyalı Değil,6,Betonarme,İkinci El,Mülk Sahibi,Kat Mülkiyeti,,Evet,"Kuzey, Güney, Doğu, Batı",150.000 TL,Doğalgaz,114023,3,Evet,Ankara,Gölbaşı,32.000.000 TL
61156-5919,08-10-2024,Daire,4 + 1,200 m2 / 175 m2,6. Kat,Sıfır Bina,Yerden Isıtma,29 Katlı,Uygun,Eşyalı Değil,2,Betonarme,Sıfır,Boş,Kat İrtifakı,1.000 TL,Hayır,"Güney, Doğu, Batı",45.000 TL,Doğalgaz,,,Evet,Ankara,Çankaya,6.100.000 TL
16761-32345,29-10-2024,Daire,2 + 1,110 m2 / 100 m2,2. Kat,Sıfır Bina,Kombi,3 Katlı,Uygun,Eşyalı Değil,2,Betonarme,Sıfır,Boş,Kat Mülkiyeti,500 TL,Hayır,"Güney, Batı",32.500 TL,Doğalgaz,,,Evet,Ankara,Çankaya,6.000.000 TL
151582-4,26-10-2024,Daire,1 + 1,100 m2 / 85 m2,Ara Kat,Sıfır Bina,Merkezi,4 Katlı,Uygun,Eşyalı Değil,1,Betonarme,Sıfır,Boş,Kat Mülkiyeti,,,Güney,40.000 TL,Doğalgaz,,,Evet,Ankara,Çankaya,5.750.000 TL
144059-100,26-10-2024,Daire,3 + 1,110 m2 / 100 m2,Giriş Katı,20 Yaşında,Kombi,3 Katlı,Uygun,Eşyalı Değil,1,Betonarme,İkinci El,Boş,Kat Mülkiyeti,150 TL,Evet,"Güney, Doğu",20.000 TL,Doğalgaz,,,Evet,Ankara,Keçiören,2.290.000 TL
144059-98,26-10-2024,Daire,3 + 1,130 m2 / 110 m2,3. Kat,25 Yaşında,Kombi,3 Katlı,Uygun,Eşyalı Değil,1,,İkinci El,,Kat Mülkiyeti,150 TL,Evet,"Güney, Doğu",25.000 TL,Doğalgaz,,,,Ankara,Keçiören,2.785.000 TL
144059-97,26-10-2024,Daire,3 + 1,140 m2 / 135 m2,3. Kat,20 Yaşında,Kombi,2 Katlı,Uygun,Eşyalı Değil,1,Betonarme,İkinci El,Boş,Kat Mülkiyeti,150 TL,Evet,"Güney, Batı",25.000 TL,Doğalgaz,,,Evet,Ankara,Keçiören,3.685.000 TL
22454-3177,26-10-2024,Daire,3 + 1,109 m2 / 100 m2,Ara Kat,19 Yaşında,Kombi,3 Katlı,Uygun,Eşyalı Değil,1,Betonarme,İkinci El,Boş,Kat Mülkiyeti,100 TL,Hayır,"Kuzey, Güney",20.000 TL,Doğalgaz,,,Evet,Ankara,Keçiören,2.570.000 TL
25298-4304,18-10-2024,Daire,3 + 1,125 m2 / 120 m2,3. Kat,11 Yaşında,Kombi,3 Katlı,Uygun,Eşyalı Değil,1,,,Kiracılı,Kat Mülkiyeti,,Hayır,Güney,,,,,,Ankara,Pursaklar,2.250.000 TL
25298-3954,18-10-2024,Daire,3 + 1,125 m2 / 120 m2,3. Kat,11 Yaşında,Kombi,4 Katlı,Uygun,Eşyalı Değil,1,,,Boş,Kat Mülkiyeti,,Hayır,,,,,,,Ankara,Pursaklar,2.400.000 TL
73018-8510,26-10-2024,Daire,2 + 1,115 m2 / 110 m2,Yüksek Giriş,10 Yaşında,Kombi,3 Katlı,Uygun,Eşyalı Değil,1,Betonarme,İkinci El,Mülk Sahibi,Kat Mülkiyeti,,Hayır,"Güney, Doğu",,Doğalgaz,,,Evet,Ankara,Pursaklar,1.950.000 TL
73018-8150,09-10-2024,Daire,3 + 1,120 m2 / 118 m2,1. Kat,16 Yaşında,Kombi,3 Katlı,Uygun,Eşyalı Değil,1,Betonarme,İkinci El,Mülk Sahibi,Kat Mülkiyeti,,Hayır,"Güney, Batı",,Doğalgaz,,,Evet,Ankara,Pursaklar,2.375.000 TL
151610-11,27-10-2024,Daire,2 + 1,90 m2 / 85 m2,Giriş Katı,35 Yaşında,Kombi,3 Katlı,Uygun,Eşyalı Değil,1,Betonarme,İkinci El,Boş,Kat Mülkiyeti,100 TL,Hayır,Doğu,13.000 TL,Doğalgaz,,,Evet,Ankara,Etimesgut,1.750.000 TL
151610-10,26-10-2024,Daire,2 + 1,90 m2 / 85 m2,Giriş Katı,35 Yaşında,Kombi,3 Katlı,Uygun,Eşyalı Değil,1,Betonarme,İkinci El,Boş,Kat Mülkiyeti,100 TL,,Doğu,14.000 TL,Doğalgaz,,,Evet,Ankara,Etimesgut,1.500.000 TL
121272-486,24-10-2024,Daire,3 + 1,120 m2 / 110 m2,Yüksek Giriş,4 Yaşında,Kombi,4 Katlı,Uygun,Eşyalı Değil,1,Betonarme,İkinci El,Boş,Kat Mülkiyeti,,,"Doğu, Batı",,Doğalgaz,,,Evet,Ankara,Altındağ,3.250.000 TL
121272-526,07-10-2024,Daire,2 + 1,110 m2 / 100 m2,En Üst Kat,35 Yaşında,Kombi,3 Katlı,Uygun,Eşyalı Değil,1,Betonarme,İkinci El,Belirtilmemiş,Kat Mülkiyeti,,Hayır,Doğu,15.000 TL,Doğalgaz,,,Evet,Ankara,Altındağ,2.300.000 TL
40304-1003,26-10-2024,Daire,5 + 1,295 m2 / 265 m2,Teras Katı,25 Yaşında,Kombi,3 Katlı,Uygun,Eşyalı Değil,2,Betonarme,İkinci El,,Kat Mülkiyeti,,Hayır,"Güney, Doğu, Batı",,Doğalgaz,,,Evet,Ankara,Keçiören,3.050.000 TL
40304-1004,26-10-2024,Daire,3 + 1,130 m2 / 125 m2,1. Kat,25 Yaşında,Kombi,3 Katlı,Uygun değil,Eşyalı Değil,1,Betonarme,İkinci El,Boş,Kat Mülkiyeti,150 TL,,"Güney, Doğu",,Doğalgaz,,,Evet,Ankara,Çankaya,5.850.000 TL
135726-824,27-10-2024,Daire,3 + 1,120 m2 / 110 m2,2. Kat,25 Yaşında,Kombi,2 Katlı,Uygun,Eşyalı Değil,1,Betonarme,İkinci El,Kiracılı,Tapu Yok,100 TL,Hayır,"Güney, Batı",20.000 TL,Doğalgaz,,,Evet,Ankara,Keçiören,2.849.000 TL
118717-505,27-10-2024,Daire,2 + 1,115 m2 / 110 m2,Ara Kat,8 Yaşında,Kombi,3 Katlı,Uygun,Eşyalı Değil,1,Betonarme,İkinci El,Kiracılı,Kat Mülkiyeti,,Hayır,Güney,,Doğalgaz,,,,Ankara,Keçiören,2.389.000 TL
129251-428,27-10-2024,Daire,4 + 1,170 m2 / 160 m2,3. Kat,Sıfır Bina,Merkezi (Pay Ölçer),14 Katlı,Uygun,Eşyalı Değil,2,Betonarme,Yapım Aşamasında,Boş,Kat İrtifakı,,Hayır,"Kuzey, Güney, Doğu, Batı",40.000 TL,Doğalgaz,,,,Ankara,Etimesgut,8.950.000 TL
140913-251,27-10-2024,Daire,3 + 1,170 m2 / 160 m2,1. Kat,5 Yaşında,Kombi,3 Katlı,Uygun,Eşyalı Değil,1,,,Boş,Kat Mülkiyeti,,Evet,"Kuzey, Güney, Doğu, Batı",,,,,,Ankara,Keçiören,3.650.000 TL
47682-2389,27-10-2024,Daire,4 + 1,200 m2 / 165 m2,3. Kat,8 Yaşında,Kombi,4 Katlı,Uygun,Eşyalı Değil,2,Betonarme,İkinci El,Kiracılı,Kat Mülkiyeti,,Evet,"Güney, Doğu",,Doğalgaz,,,Evet,Ankara,Etimesgut,3.990.000 TL
93775-5,27-10-2024,Daire,3 + 0,130 m2 / 119 m2,Kot 2,5 Yaşında,Kombi,15 Katlı,Uygun,Eşyalı Değil,2,,,,Kat Mülkiyeti,,,,18.000 TL,Doğalgaz,,,Evet,Ankara,Mamak,1.790.000 TL
102746-1206,11-10-2024,Daire,3 + 1,120 m2 / 115 m2,3. Kat,16 Yaşında,Kombi,3 Katlı,Uygun,Eşyalı Değil,1,,,Mülk Sahibi,Kat Mülkiyeti,50 TL,Hayır,"Doğu, Batı",,,,,,Ankara,Pursaklar,2.280.000 TL
117361-968,27-10-2024,Daire,3 + 1,130 m2 / 120 m2,4. Kat,25 Yaşında,Kombi,4 Katlı,Uygun,Eşyalı Değil,1,Betonarme,İkinci El,Boş,Kat Mülkiyeti,,Hayır,"Kuzey, Güney, Batı",,Doğalgaz,5090,5,Evet,Ankara,Çubuk,1.675.000 TL
64542-13094,27-10-2024,Daire,3 + 1,175 m2 / 150 m2,3. Kat,Sıfır Bina,Kombi,12 Katlı,Uygun,Eşyalı Değil,2,Betonarme,Sıfır,Boş,Kat İrtifakı,200 TL,Evet,"Güney, Doğu",30.000 TL,Doğalgaz,,,Evet,Ankara,Yenimahalle,5.090.000 TL
6788-23091,25-10-2024,Daire,3 + 1,130 m2 / 125 m2,1. Kat,30 Yaşında,Merkezi,3 Katlı,Uygun,Eşyalı Değil,1,Betonarme,İkinci El,Mülk Sahibi,Tapu Yok,1.500 TL,Evet,Doğu,30.000 TL,Doğalgaz,,,Evet,Ankara,Çankaya,4.175.000 TL
63021-8276,28-10-2024,Daire,3 + 1,130 m2 / 120 m2,1. Kat,30 Yaşında,Kombi,3 Katlı,Uygun,Eşyalı Değil,1,Betonarme,Sıfır,Mülk Sahibi,Kat Mülkiyeti,,Hayır,,35.000 TL,Doğalgaz,,,Evet,Ankara,Çankaya,4.350.000 TL
63021-8266,28-10-2024,Daire,3 + 1,90 m2 / 80 m2,Yüksek Giriş,30 Yaşında,Kombi,2 Katlı,Uygun,Eşyalı Değil,1,Betonarme,Sıfır,Boş,Kat Mülkiyeti,,Evet,"Kuzey, Doğu",25.000 TL,Doğalgaz,,,Evet,Ankara,Çankaya,3.490.000 TL
63021-8268,28-10-2024,Daire,3 + 1,125 m2 / 110 m2,1. Kat,30 Yaşında,Kombi,3 Katlı,Uygun,Eşyalı Değil,1,Betonarme,Sıfır,Boş,Kat Mülkiyeti,,Evet,"Güney, Batı",30.000 TL,Doğalgaz,,,Evet,Ankara,Çankaya,4.250.000 TL
16149-3317,17-10-2024,Daire,3 + 1,130 m2 / 125 m2,Ara Kat,30 Yaşında,Kombi,3 Katlı,Uygun,Eşyalı Değil,1,Betonarme,Sıfır,Boş,Kat Mülkiyeti,,Hayır,"Güney, Doğu",17.500 TL,Doğalgaz,,,,Ankara,Keçiören,3.149.000 TL
4480-24550,21-10-2024,Daire,3 + 1,125 m2 / 120 m2,Kot 1,15 Yaşında,Kombi,3 Katlı,Uygun,Eşyalı Değil,2,Betonarme,İkinci El,Mülk Sahibi,Kat Mülkiyeti,,Hayır,,,Doğalgaz,,,,Ankara,Pursaklar,1.849.000 TL
4480-24741,21-10-2024,Daire,2 + 1,105 m2 / 98 m2,2. Kat,Sıfır Bina,Kombi,4 Katlı,Uygun,Eşyalı Değil,1,Betonarme,Sıfır,Boş,Kat Mülkiyeti,,Hayır,,,Doğalgaz,,,,Ankara,Pursaklar,2.620.000 TL
4480-24718,07-10-2024,Daire,2 + 1,110 m2 / 105 m2,1. Kat,Sıfır Bina,Kombi,3 Katlı,Uygun,Eşyalı Değil,1,Betonarme,Sıfır,Boş,Kat Mülkiyeti,,Hayır,,,Doğalgaz,,,,Ankara,Pursaklar,2.650.000 TL
4480-24787,25-10-2024,Daire,3 + 1,135 m2 / 130 m2,4. Kat,Sıfır Bina,Kombi,6 Katlı,Uygun,Eşyalı Değil,2,Betonarme,Sıfır,Boş,Kat Mülkiyeti,,Hayır,,,Doğalgaz,,,,Ankara,Pursaklar,3.400.000 TL
85799-2997,27-10-2024,Villa,2 + 2,673 m2 / 670 m2,,5 Yaşında,Kombi,1 Katlı,Uygun,Eşyalı Değil,2,Betonarme,Sıfır,Boş,Kat Mülkiyeti,,Evet,"Güney, Doğu, Batı",,Doğalgaz,,,Evet,Ankara,Keçiören,6.500.000 TL
147632-33,28-10-2024,Daire,3 + 1,130 m2 / 110 m2,1. Kat,Sıfır Bina,Kombi,4 Katlı,Uygun,Eşyalı Değil,1,Betonarme,Sıfır,Boş,Kat Mülkiyeti,,Hayır,,,Doğalgaz,,,Evet,Ankara,Akyurt,2.080.000 TL
19464-3451,26-10-2024,Daire,3 + 1,160 m2 / 145 m2,1. Kat,12 Yaşında,Kombi,4 Katlı,Uygun,Eşyalı Değil,2,Betonarme,İkinci El,,Yabancıdan,80 TL,Hayır,Güney,30.000 TL,Doğalgaz,,,Evet,Ankara,Çankaya,4.140.000 TL
141439-90,28-10-2024,Daire,4 + 1,199 m2 / 185 m2,5. Kat,2 Yaşında,Merkezi (Pay Ölçer),15 Katlı,Uygun değil,Eşyalı Değil,2,,,Boş,,,Hayır,"Güney, Doğu, Batı",,,,,,Ankara,Keçiören,6.399.000 TL
141439-80,25-10-2024,Daire,3 + 1,165 m2 / 155 m2,6. Kat,8 Yaşında,Merkezi (Pay Ölçer),11 Katlı,Uygun,Eşyalı Değil,2,Betonarme,İkinci El,Kiracılı,Kat Mülkiyeti,,Evet,"Güney, Doğu",,Doğalgaz,,,,Ankara,Keçiören,4.150.000 TL
86676-1892,28-10-2024,Daire,3 + 1,115 m2 / 100 m2,2. Kat,30 Yaşında,Kombi,3 Katlı,Uygun,Eşyalı Değil,1,,İkinci El,Boş,Kat Mülkiyeti,150 TL,Hayır,Batı,20.000 TL,Doğalgaz,,,Evet,Ankara,Keçiören,2.375.000 TL
73018-8479,28-10-2024,Daire,2 + 1,120 m2 / 110 m2,2. Kat,15 Yaşında,Kombi,3 Katlı,Uygun,Eşyalı Değil,1,Betonarme,İkinci El,Mülk Sahibi,Kat Mülkiyeti,,Hayır,"Güney, Doğu",,Doğalgaz,,,Evet,Ankara,Pursaklar,2.300.000 TL
148919-58,28-10-2024,Daire,2 + 1,75 m2 / 70 m2,Yüksek Giriş,Sıfır Bina,Kombi,2 Katlı,Uygun,Eşyalı Değil,1,Betonarme,Sıfır,Boş,Kat İrtifakı,,Evet,"Güney, Doğu, Batı",25.000 TL,Doğalgaz,118322,6,Evet,Ankara,Gölbaşı,3.650.000 TL
73920-846,28-10-2024,Daire,3 + 1,125 m2 / 120 m2,5. Kat,Sıfır Bina,Kombi,5 Katlı,Uygun,,2,Betonarme,Sıfır,Boş,Kat Mülkiyeti,,,,,Doğalgaz,,,Evet,Ankara,Pursaklar,3.710.000 TL
142174-331,28-10-2024,Daire,4 + 1,185 m2 / 155 m2,Yüksek Giriş,3 Yaşında,Merkezi,12 Katlı,Uygun,Eşyalı Değil,2,Betonarme,İkinci El,Boş,Kat İrtifakı,250 TL,Evet,"Doğu, Batı",25.000 TL,Doğalgaz,,,Evet,Ankara,Yenimahalle,2.960.000 TL
148114-183,28-10-2024,Daire,3 + 1,130 m2 / 120 m2,2. Kat,18 Yaşında,Kombi,4 Katlı,Uygun,Eşyalı Değil,1,Betonarme,İkinci El,Boş,Kat Mülkiyeti,,Evet,"Güney, Batı",,Doğalgaz,0,,Evet,Ankara,Sincan,1.999.000 TL
151566-4,25-10-2024,Daire,3 + 1,135 m2 / 120 m2,2. Kat,16 Yaşında,Kombi,3 Katlı,Uygun,Eşyalı Değil,1,,İkinci El,Mülk Sahibi,Kat Mülkiyeti,150 TL,Hayır,Batı,18.000 TL,Doğalgaz,1,1,Evet,Ankara,Mamak,2.585.000 TL
47825-628,28-10-2024,Daire,3 + 1,150 m2 / 135 m2,2. Kat,2 Yaşında,Kombi,7 Katlı,Uygun,Eşyalı Değil,2,Betonarme,İkinci El,Boş,Kat Mülkiyeti,,Hayır,"Güney, Doğu, Batı",,Doğalgaz,,,,Ankara,Polatlı,2.690.000 TL
16761-32273,29-10-2024,Daire,3 + 1,140 m2 / 125 m2,1. Kat,13 Yaşında,Kombi,4 Katlı,Uygun,Eşyalı Değil,2,Betonarme,İkinci El,Boş,Kat Mülkiyeti,200 TL,Hayır,"Güney, Batı",20.000 TL,Doğalgaz,,,Evet,Ankara,Çankaya,3.725.000 TL
14072-13195,29-10-2024,Daire,3 + 1,110 m2 / 100 m2,Giriş Katı,28 Yaşında,Kombi,3 Katlı,Uygun,Eşyalı Değil,1,Betonarme,Sıfır,Boş,Kat Mülkiyeti,100 TL,Hayır,"Güney, Doğu",25.000 TL,Doğalgaz,,,Evet,Ankara,Çankaya,3.570.000 TL
6610-3493,27-10-2024,Daire,3 + 1,115 m2 / 110 m2,Kot 2,30 Yaşında,Kombi,4 Katlı,Uygun,Eşyalı Değil,1,Betonarme,İkinci El,Mülk Sahibi,Kat Mülkiyeti,100 TL,Hayır,"Doğu, Batı",15.000 TL,Doğalgaz,,,,Ankara,Çankaya,1.995.000 TL
6610-3488,27-10-2024,Daire,3 + 1,105 m2 / 100 m2,Kot 1,27 Yaşında,Kombi,3 Katlı,Uygun,Eşyalı Değil,1,Betonarme,İkinci El,Mülk Sahibi,Kat Mülkiyeti,150 TL,Hayır,"Doğu, Batı",,Doğalgaz,,,Evet,Ankara,Çankaya,1.995.000 TL
16761-32255,29-10-2024,Daire,3 + 1,120 m2 / 115 m2,4. Kat,33 Yaşında,Kombi,4 Katlı,Uygun,Eşyalı Değil,1,Betonarme,İkinci El,Boş,Tapu Yok,100 TL,Hayır,"Kuzey, Batı",20.000 TL,Doğalgaz,,,Evet,Ankara,Çankaya,2.890.000 TL
136047-563,29-10-2024,Daire,3 + 1,170 m2 / 155 m2,2. Kat,Sıfır Bina,Kombi,8 Katlı,Uygun,Eşyalı Değil,2,Betonarme,Sıfır,Boş,Kat Mülkiyeti,,Hayır,"Güney, Doğu, Batı",,Doğalgaz,12,3,Evet,Ankara,Etimesgut,5.125.000 TL
22114-7022,29-10-2024,Daire,3 + 1,120 m2 / 110 m2,3. Kat,30 Yaşında,Kombi,3 Katlı,Uygun,Eşyalı Değil,1,Betonarme,İkinci El,Mülk Sahibi,Kat Mülkiyeti,200 TL,Hayır,Batı,20.000 TL,Doğalgaz,,,Evet,Ankara,Çankaya,2.850.000 TL
22114-7014,29-10-2024,Daire,3 + 1,130 m2 / 120 m2,Kot 1,15 Yaşında,Kombi,4 Katlı,Uygun,Eşyalı Değil,2,Betonarme,Sıfır,Boş,Kat Mülkiyeti,150 TL,Hayır,"Kuzey, Doğu",30.000 TL,Doğalgaz,,,Evet,Ankara,Çankaya,3.990.000 TL
135171-417,29-10-2024,Daire,3 + 1,130 m2 / 115 m2,Ara Kat,8 Yaşında,Kombi,5 Katlı,Uygun,Eşyalı Değil,2,Betonarme,İkinci El,Boş,Kat Mülkiyeti,250 TL,,"Kuzey, Batı",30.000 TL,Doğalgaz,,,Evet,Ankara,Çankaya,3.700.000 TL
13848-4476,29-10-2024,Daire,3 + 1,123 m2 / 105 m2,7. Kat,4 Yaşında,Merkezi (Pay Ölçer),8 Katlı,Uygun değil,Eşyalı Değil,1,,,Boş,Kat Mülkiyeti,,Hayır,"Kuzey, Doğu, Batı",,,,,,Ankara,Sincan,3.475.000 TL
144511-56,23-10-2024,Daire,3 + 1,120 m2 / 109 m2,Ara Kat,38 Yaşında,Merkezi,4 Katlı,Uygun,Eşyalı Değil,1,Betonarme,İkinci El,Boş,Kat Mülkiyeti,700 TL,Hayır,Batı,35.000 TL,Doğalgaz,,,Evet,Ankara,Çankaya,4.900.000 TL
6557-3418,14-10-2024,Daire,4 + 1,150 m2 / 130 m2,3. Kat,35 Yaşında,Kombi,3 Katlı,Uygun,Eşyalı Değil,1,Betonarme,İkinci El,Boş,Kat Mülkiyeti,100 TL,Evet,,,Doğalgaz,1,2,Evet,Ankara,Çankaya,4.450.000 TL
3535-4428,29-10-2024,Daire,2 + 1,90 m2 / 80 m2,2. Kat,28 Yaşında,Merkezi,3 Katlı,Uygun,Eşyalı Değil,1,Betonarme,İkinci El,Boş,Kat Mülkiyeti,1.600 TL,Hayır,"Doğu, Batı",25.000 TL,Doğalgaz,,,Evet,Ankara,Çankaya,4.500.000 TL
69815-990,30-10-2024,Daire,2 + 1,85 m2 / 78 m2,Ara Kat,Sıfır Bina,Merkezi (Pay Ölçer),13 Katlı,Uygun değil,Eşyalı Değil,2,Betonarme,Sıfır,Belirtilmemiş,,,Hayır,,25.000 TL,Doğalgaz,,,Evet,Ankara,Etimesgut,3.250.000 TL
25298-4329,29-10-2024,Daire,3 + 1,125 m2 / 120 m2,Yüksek Giriş,Sıfır Bina,Kombi,3 Katlı,Uygun,Eşyalı Değil,1,Betonarme,Sıfır,Boş,Kat Mülkiyeti,,Hayır,Güney,,Doğalgaz,,,Evet,Ankara,Pursaklar,2.530.000 TL
5784-2320,30-10-2024,Daire,2 + 1,85 m2 / 75 m2,Bahçe Katı,32 Yaşında,Merkezi,3 Katlı,Uygun,Eşyalı,1,Betonarme,İkinci El,,Kat Mülkiyeti,800 TL,Hayır,Doğu,25.000 TL,Doğalgaz,,,Evet,Ankara,Çankaya,3.850.000 TL
15111-306,30-10-2024,Daire,3 + 1,130 m2 / 120 m2,Yüksek Giriş,25 Yaşında,Merkezi,9 Katlı,Uygun,Eşyalı Değil,2,,Sıfır,Mülk Sahibi,Kat Mülkiyeti,1.000 TL,Hayır,"Kuzey, Doğu",25.000 TL,Doğalgaz,,,Evet,Ankara,Çankaya,3.690.000 TL
15111-313,30-10-2024,Daire,3 + 1,100 m2 / 90 m2,Yüksek Giriş,25 Yaşında,Kombi,3 Katlı,Uygun,Eşyalı Değil,1,,İkinci El,Mülk Sahibi,Kat Mülkiyeti,100 TL,Hayır,"Güney, Doğu",18.000 TL,Doğalgaz,,,Evet,Ankara,Çankaya,3.150.000 TL
56586-3879,30-10-2024,Daire,3 + 1,145 m2 / 135 m2,1. Kat,9 Yaşında,Kombi,3 Katlı,Uygun,Eşyalı Değil,1,Betonarme,İkinci El,Mülk Sahibi,Kat Mülkiyeti,,Hayır,"Güney, Batı",,Doğalgaz,,,Evet,Ankara,Keçiören,3.175.000 TL
141761-799,22-10-2024,Daire,3 + 1,165 m2 / 150 m2,3. Kat,4 Yaşında,Kombi,3 Katlı,Uygun,Eşyalı Değil,2,,İkinci El,Mülk Sahibi,Kat Mülkiyeti,250 TL,,"Kuzey, Güney, Batı",,,,,Evet,Ankara,Etimesgut,4.100.000 TL
141761-775,23-10-2024,Daire,3 + 1,130 m2 / 120 m2,5. Kat,20 Yaşında,Kombi,5 Katlı,Uygun,Eşyalı Değil,1,,İkinci El,Mülk Sahibi,Kat Mülkiyeti,700 TL,,"Kuzey, Güney",,,46274,1,Evet,Ankara,Etimesgut,4.450.000 TL
141761-890,28-10-2024,Daire,1 + 1,76 m2 / 65 m2,8. Kat,10 Yaşında,Yerden Isıtma,12 Katlı,Uygun,Eşyalı Değil,1,Betonarme,İkinci El,Kiracılı,Kat Mülkiyeti,,,Batı,,Doğalgaz,,,Evet,Ankara,Etimesgut,3.100.000 TL
141761-857,24-10-2024,Villa,4 + 1,240 m2 / 223 m2,,Sıfır Bina,Kombi,2 Katlı,Uygun,Eşyalı Değil,3,,İkinci El,Mülk Sahibi,Kat Mülkiyeti,,Evet,"Kuzey, Güney, Doğu, Batı",65.000 TL,Doğalgaz,,,Evet,Ankara,Etimesgut,14.900.000 TL
141761-698,26-10-2024,Daire,3 + 1,95 m2 / 86 m2,5. Kat,22 Yaşında,Merkezi (Pay Ölçer),6 Katlı,Uygun,Eşyalı Değil,1,Betonarme,İkinci El,Mülk Sahibi,Kat Mülkiyeti,,Hayır,"Kuzey, Güney",,Doğalgaz,,,Evet,Ankara,Etimesgut,3.100.000 TL
141761-904,28-10-2024,Daire,3 + 1,115 m2 / 110 m2,3. Kat,14 Yaşında,Kombi,3 Katlı,Uygun,,1,Betonarme,İkinci El,Mülk Sahibi,Kat Mülkiyeti,100 TL,Evet,"Kuzey, Güney",,Doğalgaz,45075,1,,Ankara,Etimesgut,4.100.000 TL
141761-732,29-10-2024,Daire,3 + 1,125 m2 / 110 m2,3. Kat,25 Yaşında,Kombi,3 Katlı,Uygun,Eşyalı Değil,1,Betonarme,İkinci El,Boş,Kat Mülkiyeti,70 TL,Hayır,"Güney, Batı",15.000 TL,Doğalgaz,,,Evet,Ankara,Sincan,1.600.000 TL
141761-842,30-10-2024,Daire,2 + 1,105 m2 / 90 m2,10. Kat,8 Yaşında,Merkezi (Pay Ölçer),10 Katlı,Uygun,Eşyalı Değil,1,Betonarme,İkinci El,Mülk Sahibi,Kat Mülkiyeti,,,,,Doğalgaz,,,Evet,Ankara,Etimesgut,4.100.000 TL
141761-817,30-10-2024,Daire,2 + 1,90 m2 / 80 m2,3. Kat,26 Yaşında,Kombi,3 Katlı,Uygun,Eşyalı Değil,1,Betonarme,İkinci El,Mülk Sahibi,Kat Mülkiyeti,100 TL,,,,Doğalgaz,,,Evet,Ankara,Etimesgut,2.070.000 TL
141761-794,13-10-2024,Daire,3 + 1,145 m2 / 132 m2,6. Kat,18 Yaşında,Kombi,6 Katlı,Uygun,Eşyalı Değil,2,,İkinci El,Boş,Kat Mülkiyeti,750 TL,,"Güney, Doğu, Batı",,,46644,1,Evet,Ankara,Etimesgut,4.590.000 TL
141761-900,25-10-2024,Daire,3 + 1,120 m2 / 100 m2,16. Kat,4 Yaşında,Merkezi (Pay Ölçer),23 Katlı,Uygun,Eşyalı Değil,2,,İkinci El,Mülk Sahibi,Kat Mülkiyeti,1.800 TL,,"Kuzey, Doğu",,,,,Evet,Ankara,Etimesgut,7.500.000 TL
141761-755,14-10-2024,Daire,4 + 1,160 m2 / 140 m2,6. Kat,25 Yaşında,Kombi,6 Katlı,Uygun,Eşyalı Değil,2,Betonarme,İkinci El,,,750 TL,Hayır,"Güney, Batı",25.000 TL,Doğalgaz,,,Evet,Ankara,Yenimahalle,4.800.000 TL
141761-863,13-10-2024,Daire,3 + 1,125 m2 / 110 m2,3. Kat,15 Yaşında,Kombi,3 Katlı,Uygun,Eşyalı Değil,1,,İkinci El,Mülk Sahibi,Kat Mülkiyeti,30 TL,,"Güney, Doğu, Batı",,,45224,2,Evet,Ankara,Etimesgut,2.935.000 TL
141761-856,14-10-2024,Daire,1 + 1,55 m2 / 50 m2,7. Kat,4 Yaşında,Merkezi,9 Katlı,Uygun,Eşyalı Değil,1,,İkinci El,Kiracılı,Kat Mülkiyeti,500 TL,Hayır,Batı,25.000 TL,Doğalgaz,0,,Evet,Ankara,Etimesgut,2.850.000 TL
141761-896,24-10-2024,Daire,3 + 1,130 m2 / 115 m2,Yüksek Giriş,22 Yaşında,Kombi,4 Katlı,Uygun,Eşyalı Değil,1,,İkinci El,Mülk Sahibi,Kat Mülkiyeti,,Hayır,Doğu,,,,,Evet,Ankara,Sincan,2.900.000 TL
141761-771,15-10-2024,Daire,3 + 1,110 m2 / 100 m2,4. Kat,32 Yaşında,Merkezi (Pay Ölçer),4 Katlı,Uygun,Eşyalı Değil,1,Betonarme,,Mülk Sahibi,Kat Mülkiyeti,1.000 TL,Hayır,"Kuzey, Doğu, Batı",,Doğalgaz,,,,Ankara,Etimesgut,3.520.000 TL
110538-2570,30-10-2024,Villa,6 + 2,330 m2 / 300 m2,,20 Yaşında,Kombi,4 Katlı,Uygun,Eşyalı Değil,2,Betonarme,İkinci El,Mülk Sahibi,Kat Mülkiyeti,500 TL,Hayır,"Güney, Batı",,Doğalgaz,,,Evet,Ankara,Etimesgut,10.500.000 TL
110538-3206,30-10-2024,Villa,5 + 2,360 m2 / 320 m2,,18 Yaşında,Kombi,4 Katlı,Uygun,Eşyalı Değil,3,,İkinci El,Boş,Kat Mülkiyeti,,,"Kuzey, Güney, Doğu, Batı",,,,,Evet,Ankara,Çankaya,14.900.000 TL
110538-3201,29-10-2024,Daire,2 + 1,80 m2 / 70 m2,21 ve üzeri,3 Yaşında,Merkezi (Pay Ölçer),22 Katlı,Uygun,Eşyalı Değil,1,,İkinci El,Kiracılı,Kat Mülkiyeti,1.100 TL,,Doğu,,,,,Evet,Ankara,Etimesgut,4.950.000 TL
110538-2867,29-10-2024,Villa,5 + 1,280 m2 / 250 m2,,20 Yaşında,Kombi,2 Katlı,Uygun,Eşyalı,3,Betonarme,İkinci El,Boş,Kat Mülkiyeti,650 TL,Evet,"Kuzey, Doğu, Batı",40.000 TL,Doğalgaz,,,Evet,Ankara,Etimesgut,8.000.000 TL
110538-3381,30-10-2024,Daire,3 + 1,150 m2 / 135 m2,7. Kat,14 Yaşında,Merkezi (Pay Ölçer),11 Katlı,Uygun,Eşyalı Değil,1,,İkinci El,Mülk Sahibi,Kat Mülkiyeti,,,"Güney, Batı",,,,,Evet,Ankara,Yenimahalle,6.250.000 TL
110538-3255,29-10-2024,Daire,4 + 1,180 m2 / 160 m2,2. Kat,4 Yaşında,Merkezi (Pay Ölçer),23 Katlı,Uygun,Eşyalı Değil,2,,İkinci El,Kiracılı,,,,"Kuzey, Doğu",,,,,Evet,Ankara,Etimesgut,6.175.000 TL
110538-3268,10-10-2024,Daire,5 + 1,180 m2 / 135 m2,En Üst Kat,20 Yaşında,Kombi,3 Katlı,Uygun,Eşyalı Değil,1,Betonarme,İkinci El,Mülk Sahibi,Kat Mülkiyeti,,Evet,"Kuzey, Güney, Doğu, Batı",,Doğalgaz,,,Evet,Ankara,Etimesgut,2.900.000 TL
20636-2937,30-10-2024,Daire,2 + 1,100 m2 / 87 m2,Ara Kat,Sıfır Bina,Kombi,4 Katlı,Uygun,Eşyalı Değil,2,Betonarme,,Boş,Kat Mülkiyeti,1 TL,Hayır,Güney,,Doğalgaz,45649,7,Evet,Ankara,Etimesgut,4.200.000 TL
110538-3358,19-10-2024,Daire,3 + 1,130 m2 / 116 m2,3. Kat,15 Yaşında,Kombi,3 Katlı,Uygun,Eşyalı Değil,1,,İkinci El,Mülk Sahibi,Kat Mülkiyeti,100 TL,,"Güney, Doğu, Batı",,,,,Evet,Ankara,Sincan,3.100.000 TL
110538-3240,19-10-2024,Villa,3 + 1,150 m2 / 100 m2,,16 Yaşında,Yerden Isıtma,2 Katlı,Uygun,Eşyalı Değil,2,Taş Bina,İkinci El,Boş,Kat Mülkiyeti,,Hayır,"Kuzey, Güney, Doğu, Batı",,Doğalgaz,,,Evet,Ankara,Çamlıdere,6.500.000 TL
110538-3322,19-10-2024,Daire,1 + 1,70 m2 / 65 m2,6. Kat,7 Yaşında,Merkezi (Pay Ölçer),11 Katlı,Uygun,Eşyalı Değil,1,Betonarme,İkinci El,Kiracılı,Kat İrtifakı,,Hayır,Kuzey,,Elektrik,,,Evet,Ankara,Etimesgut,2.570.000 TL
110538-3050,20-10-2024,Daire,1 + 1,60 m2 / 55 m2,7. Kat,6 Yaşında,Merkezi (Pay Ölçer),9 Katlı,Uygun,Eşyalı Değil,1,Betonarme,İkinci El,Kiracılı,Kat Mülkiyeti,850 TL,Hayır,"Güney, Batı",,Doğalgaz,,,Evet,Ankara,Etimesgut,2.820.000 TL
110538-3334,25-10-2024,Daire,3 + 1,149 m2 / 136 m2,3. Kat,10 Yaşında,Kombi,7 Katlı,Uygun,Eşyalı Değil,1,Betonarme,İkinci El,Boş,Kat Mülkiyeti,750 TL,Evet,"Güney, Doğu",,Doğalgaz,,,Evet,Ankara,Etimesgut,4.550.000 TL
110538-2996,21-10-2024,Villa,6 + 1,385 m2 / 360 m2,,Sıfır Bina,Yerden Isıtma,3 Katlı,Uygun,Eşyalı Değil,3,Betonarme,Sıfır,Boş,Kat Mülkiyeti,,Evet,"Kuzey, Güney, Doğu, Batı",,Doğalgaz,,,Evet,Ankara,Etimesgut,18.900.000 TL
110538-2908,21-10-2024,Villa,4 + 1,245 m2 / 210 m2,,Sıfır Bina,Yerden Isıtma,2 Katlı,Uygun,Eşyalı Değil,3,Betonarme,Sıfır,Boş,Kat Mülkiyeti,,Evet,"Güney, Doğu, Batı",,Doğalgaz,,,Evet,Ankara,Etimesgut,16.500.000 TL
110538-3290,28-10-2024,Daire,3 + 1,105 m2 / 91 m2,3. Kat,25 Yaşında,Merkezi,3 Katlı,Uygun,Eşyalı Değil,1,Betonarme,İkinci El,Kiracılı,Kat Mülkiyeti,1.600 TL,Hayır,"Kuzey, Doğu",7.000 TL,Doğalgaz,,,Evet,Ankara,Etimesgut,3.050.000 TL
110538-3365,22-10-2024,Daire,3 + 0,108 m2 / 97 m2,4. Kat,29 Yaşında,Merkezi,5 Katlı,Uygun,Eşyalı Değil,1,Betonarme,İkinci El,Boş,Kat Mülkiyeti,1.700 TL,Hayır,Batı,,Doğalgaz,17345,1,Evet,Ankara,Etimesgut,2.820.000 TL
110538-2879,22-10-2024,Daire,4 + 1,177 m2 / 150 m2,1. Kat,9 Yaşında,Merkezi (Pay Ölçer),29 Katlı,Uygun,Eşyalı Değil,2,Betonarme,İkinci El,Kiracılı,Kat Mülkiyeti,2.650 TL,Hayır,"Güney, Doğu, Batı",15.000 TL,Doğalgaz,,,Evet,Ankara,Etimesgut,8.100.000 TL
110538-3274,22-10-2024,Daire,4 + 1,170 m2 / 153 m2,13. Kat,9 Yaşında,Merkezi (Pay Ölçer),13 Katlı,Uygun,Eşyalı Değil,2,Betonarme,İkinci El,Mülk Sahibi,Kat Mülkiyeti,1.000 TL,Hayır,"Güney, Batı",35.000 TL,Doğalgaz,,,Evet,Ankara,Etimesgut,7.250.000 TL
110538-3363,10-10-2024,Daire,3 + 1,150 m2 / 137 m2,8. Kat,10 Yaşında,Merkezi (Pay Ölçer),29 Katlı,Uygun,Eşyalı Değil,2,Betonarme,İkinci El,Mülk Sahibi,Kat Mülkiyeti,2.150 TL,,"Güney, Doğu",,Doğalgaz,63932,2,Evet,Ankara,Etimesgut,8.000.000 TL
110538-3369,25-10-2024,Daire,2 + 1,105 m2 / 80 m2,Bahçe Katı,12 Yaşında,Kombi,7 Katlı,Uygun değil,Eşyalı,2,Betonarme,İkinci El,Boş,Kat Mülkiyeti,150 TL,Evet,Güney,,Doğalgaz,,,Evet,Ankara,Etimesgut,1.675.000 TL
110538-3362,24-10-2024,Daire,3 + 1,135 m2 / 113 m2,1. Kat,Sıfır Bina,Merkezi (Pay Ölçer),4 Katlı,Uygun değil,Eşyalı Değil,2,Betonarme,Sıfır,Boş,Kat Mülkiyeti,750 TL,Hayır,"Güney, Doğu",,Doğalgaz,,,Evet,Ankara,Sincan,3.150.000 TL
110538-3111,24-10-2024,Daire,3 + 1,140 m2 / 120 m2,Giriş Katı,Sıfır Bina,Kombi,5 Katlı,Uygun değil,Eşyalı Değil,2,Betonarme,Sıfır,Boş,Kat Mülkiyeti,,Hayır,"Kuzey, Güney, Batı",,Doğalgaz,,,Evet,Ankara,Sincan,2.600.000 TL
110538-2032,24-10-2024,Villa,6 + 1,400 m2 / 300 m2,,18 Yaşında,Yerden Isıtma,3 Katlı,Uygun,Eşyalı,2,Betonarme,İkinci El,Mülk Sahibi,Kat Mülkiyeti,,,"Doğu, Batı",,Doğalgaz,,,Evet,Ankara,Etimesgut,12.250.000 TL
110538-3284,23-10-2024,Villa,6 + 1,350 m2 / 270 m2,,20 Yaşında,Kombi,3 Katlı,Uygun,Eşyalı Değil,2,Betonarme,İkinci El,Mülk Sahibi,Kat Mülkiyeti,,Hayır,"Kuzey, Güney, Doğu, Batı",,Doğalgaz,,,Evet,Ankara,Etimesgut,11.350.000 TL
110538-3390,23-10-2024,Daire,1 + 1,60 m2 / 45 m2,3. Kat,Sıfır Bina,Merkezi (Pay Ölçer),12 Katlı,Uygun değil,Eşyalı Değil,1,Betonarme,Sıfır,Boş,Kat İrtifakı,,Hayır,"Güney, Doğu",,Doğalgaz,100093,1,Evet,Ankara,Sincan,1.750.000 TL
110538-3395,22-10-2024,Müstakil Ev,3 + 1,130 m2 / 110 m2,,28 Yaşında,Kombi,1 Katlı,Uygun değil,Eşyalı Değil,1,Betonarme,İkinci El,Kiracılı,Kat Mülkiyeti,,Hayır,"Güney, Doğu",,Doğalgaz,,,Evet,Ankara,Yenimahalle,4.750.000 TL
110538-3340,25-10-2024,Daire,1 + 1,55 m2 / 45 m2,6. Kat,Sıfır Bina,Merkezi (Pay Ölçer),12 Katlı,Uygun,Eşyalı Değil,1,Betonarme,,Boş,,,Evet,Doğu,,Doğalgaz,100093,1,Evet,Ankara,Sincan,1.875.000 TL
110538-3399,25-10-2024,Daire,2 + 1,75 m2 / 65 m2,1. Kat,1 Yaşında,Merkezi (Pay Ölçer),4 Katlı,Uygun,Eşyalı Değil,1,Betonarme,İkinci El,Boş,Kat Mülkiyeti,650 TL,Hayır,Kuzey,20.000 TL,Doğalgaz,2197,2,Evet,Ankara,Sincan,3.175.000 TL
110538-3315,26-10-2024,Daire,3 + 1,130 m2 / 110 m2,3. Kat,22 Yaşında,Kombi,4 Katlı,Uygun,Eşyalı Değil,1,Betonarme,İkinci El,Boş,Kat Mülkiyeti,50 TL,,Güney,,Doğalgaz,,,Evet,Ankara,Sincan,2.150.000 TL
110538-3305,26-10-2024,Daire,3 + 1,165 m2 / 150 m2,11. Kat,14 Yaşında,Kombi,14 Katlı,Uygun,Eşyalı Değil,2,Betonarme,İkinci El,Boş,Kat Mülkiyeti,800 TL,Hayır,"Kuzey, Batı",40.000 TL,Doğalgaz,,,Evet,Ankara,Yenimahalle,7.250.000 TL
110538-3247,27-10-2024,Daire,3 + 1,130 m2 / 115 m2,2. Kat,16 Yaşında,Kombi,5 Katlı,Uygun,Eşyalı Değil,1,,İkinci El,Kiracılı,Kat Mülkiyeti,350 TL,,"Güney, Doğu",,,,,Evet,Ankara,Sincan,2.680.000 TL
110538-3248,27-10-2024,Daire,7 + 1,280 m2 / 220 m2,4. Kat,10 Yaşında,Merkezi (Pay Ölçer),5 Katlı,Uygun,Eşyalı Değil,3,Betonarme,İkinci El,Kiracılı,Kat Mülkiyeti,,,"Kuzey, Batı",,Doğalgaz,,,Evet,Ankara,Sincan,6.600.000 TL
151566-25,30-10-2024,Daire,3 + 1,130 m2 / 110 m2,1. Kat,2 Yaşında,Merkezi,7 Katlı,Uygun,Eşyalı Değil,2,Betonarme,Sıfır,Kiracılı,Kat Mülkiyeti,500 TL,Hayır,"Güney, Doğu",17.000 TL,Doğalgaz,1,1,Evet,Ankara,Mamak,2.490.000 TL
2250-3466,30-10-2024,Daire,1 + 1,55 m2 / 45 m2,Kot 1,Sıfır Bina,Kombi,3 Katlı,Uygun,Eşyalı Değil,1,Betonarme,Sıfır,Boş,Kat İrtifakı,,,"Güney, Doğu",35.000 TL,Doğalgaz,,,Evet,Ankara,Çankaya,4.450.000 TL
39746-1088,30-10-2024,Daire,2 + 1,100 m2 / 90 m2,Kot 1,27 Yaşında,Kombi,3 Katlı,Uygun,Eşyalı Değil,1,Betonarme,İkinci El,Mülk Sahibi,Kat Mülkiyeti,150 TL,Hayır,"Kuzey, Doğu",15.000 TL,Doğalgaz,,,Evet,Ankara,Çankaya,2.790.000 TL
4036-2154,30-10-2024,Daire,3 + 1,130 m2 / 120 m2,2. Kat,15 Yaşında,Kombi,4 Katlı,Uygun,,1,Betonarme,Sıfır,Boş,Kat Mülkiyeti,,,"Güney, Doğu",,Doğalgaz,,,Evet,Ankara,Çankaya,5.890.000 TL
47682-2393,30-10-2024,Daire,3 + 1,135 m2 / 125 m2,Yüksek Giriş,8 Yaşında,Kombi,3 Katlı,Uygun,Eşyalı Değil,1,Betonarme,İkinci El,Kiracılı,Kat Mülkiyeti,,Evet,"Güney, Doğu",20.000 TL,Doğalgaz,,,Evet,Ankara,Etimesgut,2.590.000 TL
15878-13929,30-10-2024,Daire,2 + 1,100 m2 / 90 m2,Yüksek Giriş,10 Yaşında,Kombi,4 Katlı,Uygun,,1,,,,Tapu Yok,,,,,,,,,Ankara,Keçiören,2.250.000 TL
4180-9297,30-10-2024,Daire,1 + 1,70 m2 / 60 m2,Kot 1,Sıfır Bina,Kombi,3 Katlı,Uygun,Eşyalı Değil,1,Betonarme,,Boş,Kat Mülkiyeti,100 TL,Evet,"Güney, Batı",16.000 TL,Doğalgaz,101,58,Evet,Ankara,Çankaya,2.450.000 TL
150186-17,15-10-2024,Daire,3 + 1,115 m2 / 105 m2,6. Kat,30 Yaşında,Merkezi,7 Katlı,Uygun,Eşyalı Değil,1,Betonarme,İkinci El,Kiracılı,Kat Mülkiyeti,1.500 TL,Hayır,"Güney, Doğu",18.000 TL,Doğalgaz,17328,1,Evet,Ankara,Etimesgut,2.875.000 TL
150186-28,28-10-2024,Daire,3 + 1,115 m2 / 110 m2,4. Kat,25 Yaşında,Kombi,4 Katlı,Uygun,Eşyalı Değil,2,,İkinci El,Kiracılı,Kat Mülkiyeti,150 TL,Evet,"Güney, Batı",20.000 TL,Doğalgaz,2183,1,,Ankara,Sincan,2.250.000 TL
6632-1623,30-10-2024,Daire,3 + 1,110 m2 / 100 m2,8. Kat,37 Yaşında,Merkezi,8 Katlı,Uygun,Eşyalı Değil,1,Betonarme,İkinci El,Boş,Kat Mülkiyeti,1.875 TL,Hayır,"Kuzey, Batı",30.000 TL,Doğalgaz,17,7037,Evet,Ankara,Çankaya,6.650.000 TL
35755-413,30-10-2024,Daire,3 + 1,90 m2 / 80 m2,3. Kat,32 Yaşında,Kombi,3 Katlı,Uygun,Eşyalı Değil,1,,,,Kat Mülkiyeti,,,,,Doğalgaz,,,,Ankara,Keçiören,1.975.000 TL
4480-24736,30-10-2024,Daire,3 + 1,125 m2 / 120 m2,Yüksek Giriş,7 Yaşında,Kombi,3 Katlı,Uygun,Eşyalı Değil,1,Betonarme,İkinci El,Mülk Sahibi,Kat Mülkiyeti,,Hayır,,,Doğalgaz,,,,Ankara,Pursaklar,2.595.000 TL
31522-14666,30-10-2024,Daire,3 + 1,115 m2 / 110 m2,Bahçe Katı,30 Yaşında,Kombi,3 Katlı,Uygun,Eşyalı Değil,1,Betonarme,İkinci El,Mülk Sahibi,Kat Mülkiyeti,100 TL,Evet,"Güney, Batı",16.000 TL,Doğalgaz,,,Evet,Ankara,Keçiören,2.150.000 TL
36851-29234,30-10-2024,Daire,2 + 1,115 m2 / 110 m2,1. Kat,25 Yaşında,Kombi,3 Katlı,Uygun,Eşyalı Değil,1,Betonarme,Sıfır,Boş,Kat Mülkiyeti,250 TL,Hayır,"Güney, Doğu",28.000 TL,Doğalgaz,,,Evet,Ankara,Çankaya,4.650.000 TL
36851-29287,30-10-2024,Daire,2 + 1,65 m2 / 60 m2,Kot 1,Sıfır Bina,Kombi,4 Katlı,Uygun,Eşyalı Değil,1,Betonarme,Sıfır,Boş,Kat Mülkiyeti,100 TL,Hayır,"Güney, Doğu",17.500 TL,Doğalgaz,,,Evet,Ankara,Çankaya,2.795.000 TL
4036-2114,28-10-2024,Daire,3 + 1,140 m2 / 133 m2,Kot 1,16 Yaşında,Kombi,4 Katlı,Uygun,,2,Betonarme,İkinci El,Boş,,,Hayır,"Kuzey, Doğu",,Doğalgaz,,,Evet,Ankara,Çankaya,3.990.000 TL
4537-10531,30-10-2024,Daire,4 + 1,175 m2 / 150 m2,Bahçe Katı,18 Yaşında,Merkezi (Pay Ölçer),12 Katlı,Uygun,Eşyalı Değil,3,Betonarme,İkinci El,Mülk Sahibi,Kat İrtifakı,3.500 TL,Hayır,Doğu,,Doğalgaz,,,Evet,Ankara,Çankaya,14.395.000 TL
147632-7,30-10-2024,Villa,5 + 2,370 m2 / 300 m2,,14 Yaşında,Kombi,3 Katlı,Uygun,Eşyalı Değil,3,Betonarme,İkinci El,Mülk Sahibi,Kat Mülkiyeti,,Evet,"Kuzey, Güney, Doğu, Batı",45.000 TL,Doğalgaz,,,Evet,Ankara,Gölbaşı,11.535.000 TL
86972-2326,30-10-2024,Daire,4 + 1,195 m2 / 180 m2,Giriş Katı,7 Yaşında,Kombi,7 Katlı,Uygun,Eşyalı Değil,2,Betonarme,İkinci El,Mülk Sahibi,Kat Mülkiyeti,1.000 TL,Evet,"Kuzey, Güney, Batı",35.000 TL,Doğalgaz,,,Evet,Ankara,Etimesgut,6.970.000 TL
28888-1566,30-10-2024,Daire,3 + 1,118 m2 / 105 m2,5. Kat,9 Yaşında,Merkezi (Pay Ölçer),11 Katlı,Uygun,Eşyalı Değil,2,Betonarme,İkinci El,Kiracılı,Kat Mülkiyeti,,,Doğu,,Doğalgaz,,,Evet,Ankara,Etimesgut,2.650.000 TL
28888-1534,30-10-2024,Daire,2 + 1,95 m2 / 83 m2,2. Kat,Sıfır Bina,Merkezi (Pay Ölçer),9 Katlı,Uygun,Eşyalı Değil,2,Betonarme,Sıfır,Boş,Kat Mülkiyeti,,Evet,"Güney, Doğu",18.000 TL,Doğalgaz,,,Evet,Ankara,Etimesgut,3.700.000 TL
28888-1440,30-10-2024,Daire,4 + 1,190 m2 / 165 m2,4. Kat,15 Yaşında,Kombi,5 Katlı,Uygun,Eşyalı Değil,2,Betonarme,İkinci El,Kiracılı,Kat Mülkiyeti,1.100 TL,,"Güney, Batı",30.000 TL,Doğalgaz,,,Evet,Ankara,Etimesgut,6.600.000 TL
28888-1568,30-10-2024,Daire,2 + 1,105 m2 / 87 m2,2. Kat,Sıfır Bina,Yerden Isıtma,13 Katlı,Uygun,Eşyalı Değil,2,Betonarme,Sıfır,Boş,Kat Mülkiyeti,,,"Kuzey, Güney, Doğu, Batı",,Doğalgaz,,,Evet,Ankara,Etimesgut,3.500.000 TL
28888-1520,30-10-2024,Daire,4 + 1,190 m2 / 175 m2,1. Kat,10 Yaşında,Kombi,4 Katlı,Uygun,Eşyalı Değil,2,Betonarme,İkinci El,Kiracılı,Kat Mülkiyeti,,Evet,"Kuzey, Doğu",35.000 TL,Doğalgaz,,,,Ankara,Etimesgut,6.150.000 TL
28888-1550,30-10-2024,Daire,4 + 1,190 m2 / 146 m2,13. Kat,Sıfır Bina,Merkezi (Pay Ölçer),14 Katlı,Uygun,Eşyalı Değil,2,Betonarme,Sıfır,Boş,Kat Mülkiyeti,,Evet,"Kuzey, Güney, Doğu, Batı",,Doğalgaz,,,Evet,Ankara,Etimesgut,8.950.000 TL
28888-1523,30-10-2024,Daire,4 + 1,185 m2 / 165 m2,6. Kat,1 Yaşında,Merkezi (Pay Ölçer),9 Katlı,Uygun,Eşyalı Değil,2,Betonarme,İkinci El,Boş,Kat Mülkiyeti,,,"Kuzey, Güney, Doğu, Batı",45.000 TL,Doğalgaz,,,Evet,Ankara,Etimesgut,8.950.000 TL
28888-1393,30-10-2024,Daire,4 + 1,180 m2 / 165 m2,3. Kat,Sıfır Bina,Kombi,8 Katlı,Uygun,Eşyalı Değil,2,Betonarme,Sıfır,Boş,Kat Mülkiyeti,,,"Kuzey, Güney, Doğu, Batı",30.000 TL,Doğalgaz,,,Evet,Ankara,Etimesgut,9.500.000 TL
28888-1570,30-10-2024,Daire,4 + 1,160 m2 / 149 m2,1. Kat,Sıfır Bina,Merkezi (Pay Ölçer),15 Katlı,Uygun,Eşyalı Değil,3,Betonarme,Sıfır,Boş,Kat Mülkiyeti,,Evet,"Kuzey, Güney, Doğu, Batı",,Elektrik,,,Evet,Ankara,Etimesgut,8.275.000 TL
7000-4431,24-10-2024,Müstakil Ev,4 + 1,160 m2 / 150 m2,,30 Yaşında,Kombi,2 Katlı,Uygun,Eşyalı Değil,1,Betonarme,İkinci El,Mülk Sahibi,Kat Mülkiyeti,,Hayır,,,Doğalgaz,15498,1,Evet,Ankara,Yenimahalle,6.500.000 TL
140115-6,24-10-2024,Daire,3 + 1,148 m2 / 138 m2,3. Kat,1 Yaşında,Kombi,7 Katlı,Uygun,Eşyalı,2,Betonarme,Sıfır,Boş,Kat İrtifakı,,Evet,"Güney, Doğu",3.500 TL,Doğalgaz,,,Evet,Ankara,Polatlı,2.850.000 TL
149700-10,25-10-2024,Daire,3 + 1,130 m2 / 110 m2,3. Kat,8 Yaşında,Kombi,3 Katlı,Uygun,Eşyalı Değil,1,,İkinci El,Kiracılı,Kat İrtifakı,,,,,,98077,3,Evet,Ankara,Pursaklar,1.900.000 TL
140913-255,25-10-2024,Daire,3 + 1,135 m2 / 130 m2,3. Kat,5 Yaşında,Kombi,3 Katlı,Uygun,Eşyalı Değil,1,,,Kiracılı,Kat Mülkiyeti,,Evet,"Kuzey, Güney, Doğu, Batı",,,,,,Ankara,Keçiören,3.500.000 TL
140913-254,25-10-2024,Daire,4 + 1,170 m2 / 160 m2,1. Kat,5 Yaşında,Kombi,3 Katlı,Uygun,Eşyalı Değil,2,,,Mülk Sahibi,Kat Mülkiyeti,,Evet,"Güney, Doğu, Batı",,,,,,Ankara,Keçiören,3.650.000 TL
139790-92,23-10-2024,Daire,1 + 1,80 m2 / 70 m2,Giriş Katı,15 Yaşında,Kombi,4 Katlı,Uygun,Eşyalı Değil,1,Betonarme,İkinci El,Mülk Sahibi,Kat İrtifakı,,Hayır,Güney,20.000 TL,Doğalgaz,,,Evet,Ankara,Çankaya,2.100.000 TL
114144-2176,26-10-2024,Daire,4 + 1,160 m2 / 140 m2,5. Kat,Sıfır Bina,Kombi,5 Katlı,Uygun,Eşyalı Değil,2,Betonarme,Sıfır,Boş,Kat Mülkiyeti,,Hayır,"Güney, Batı",,Doğalgaz,,,Evet,Ankara,Çankaya,10.450.000 TL
150882-3,26-10-2024,Daire,3 + 1,125 m2 / 118 m2,6. Kat,12 Yaşında,Merkezi (Pay Ölçer),11 Katlı,Uygun,Eşyalı Değil,1,Betonarme,İkinci El,Boş,Kat Mülkiyeti,870 TL,Hayır,Güney,,Doğalgaz,,,Evet,Ankara,Etimesgut,2.799.000 TL
124581-535,26-10-2024,Daire,3 + 1,174 m2 / 170 m2,2. Kat,Sıfır Bina,Kombi,10 Katlı,Uygun,Eşyalı Değil,2,Betonarme,Sıfır,Boş,Kat İrtifakı,,Evet,"Kuzey, Güney, Doğu, Batı",35.000 TL,Doğalgaz,,,Evet,Ankara,Mamak,5.699.000 TL
62044-4568,28-10-2024,Daire,4 + 2,250 m2 / 230 m2,3. Kat,7 Yaşında,Kombi,3 Katlı,Uygun,Eşyalı Değil,4,Betonarme,İkinci El,Boş,Kat Mülkiyeti,,Hayır,"Güney, Doğu, Batı",20.000 TL,Doğalgaz,,,Evet,Ankara,Altındağ,2.900.000 TL
25058-941,24-10-2024,Daire,3 + 1,140 m2 / 130 m2,3. Kat,30 Yaşında,Merkezi,3 Katlı,Uygun,Eşyalı Değil,1,Betonarme,,Boş,Kat Mülkiyeti,1.250 TL,Hayır,"Güney, Doğu",30.000 TL,Doğalgaz,,,Evet,Ankara,Çankaya,4.750.000 TL
16866-6,14-10-2024,Daire,4 + 2,385 m2 / 375 m2,3. Kat,25 Yaşında,Merkezi,3 Katlı,Uygun,Eşyalı Değil,3,Betonarme,İkinci El,Mülk Sahibi,Kat Mülkiyeti,,Hayır,,,Doğalgaz,,,Evet,Ankara,Çankaya,24.500.000 TL
120352-566,28-10-2024,Daire,5 + 1,280 m2 / 250 m2,4. Kat,20 Yaşında,Kombi,4 Katlı,Uygun,Eşyalı Değil,3,Betonarme,İkinci El,Mülk Sahibi,Kat Mülkiyeti,300 TL,Hayır,"Kuzey, Doğu, Batı",35.000 TL,Doğalgaz,,,Evet,Ankara,Çankaya,7.850.000 TL
50006-121,27-10-2024,Daire,3 + 1,145 m2 / 125 m2,4. Kat,26 Yaşında,Kombi,4 Katlı,Uygun,Eşyalı Değil,1,,,Mülk Sahibi,Kat Mülkiyeti,500 TL,Evet,"Kuzey, Güney, Doğu, Batı",,,,,,Ankara,Gölbaşı,2.980.000 TL
3584-28242,28-10-2024,Daire,3 + 1,120 m2 / 110 m2,2. Kat,Sıfır Bina,Kombi,3 Katlı,Uygun,,1,Betonarme,Sıfır,Boş,Kat Mülkiyeti,,,,,Doğalgaz,,,Evet,Ankara,Çankaya,8.400.000 TL
151723-19,28-10-2024,Daire,3 + 1,160 m2 / 150 m2,6. Kat,5 Yaşında,Merkezi (Pay Ölçer),13 Katlı,Uygun,Eşyalı Değil,2,Betonarme,İkinci El,Mülk Sahibi,Kat Mülkiyeti,,Evet,"Kuzey, Güney, Batı",32.000 TL,Doğalgaz,21345,2,Evet,Ankara,Altındağ,7.350.000 TL
137849-743,28-10-2024,Daire,4 + 1,165 m2 / 155 m2,Kot 2,15 Yaşında,Kombi,3 Katlı,Uygun,Eşyalı Değil,1,Betonarme,İkinci El,Boş,Kat Mülkiyeti,,Evet,"Kuzey, Güney, Doğu, Batı",25.000 TL,Doğalgaz,,,Evet,Ankara,Keçiören,2.319.000 TL
62044-4570,28-10-2024,Daire,3 + 1,120 m2 / 105 m2,Yüksek Giriş,15 Yaşında,Kombi,3 Katlı,Uygun,Eşyalı Değil,1,Betonarme,İkinci El,Boş,Kat Mülkiyeti,,Hayır,,12.000 TL,Doğalgaz,,,Evet,Ankara,Altındağ,1.850.000 TL
149809-4,28-10-2024,Daire,4 + 1,200 m2 / 185 m2,3. Kat,Sıfır Bina,Merkezi (Pay Ölçer),28 Katlı,Uygun,Eşyalı Değil,2,Betonarme,Sıfır,Boş,Kat Mülkiyeti,3.500 TL,Hayır,"Güney, Doğu, Batı",50.000 TL,Doğalgaz,,,Evet,Ankara,Keçiören,10.750.000 TL
149809-7,28-10-2024,Daire,4 + 1,200 m2 / 185 m2,6. Kat,Sıfır Bina,Merkezi (Pay Ölçer),28 Katlı,Uygun,Eşyalı Değil,2,Betonarme,Sıfır,Boş,Kat Mülkiyeti,3.500 TL,Hayır,"Güney, Doğu, Batı",50.000 TL,Doğalgaz,,,Evet,Ankara,Keçiören,11.500.000 TL
151659-149,25-10-2024,Daire,1 + 1,68 m2 / 58 m2,14. Kat,4 Yaşında,Merkezi (Pay Ölçer),16 Katlı,Uygun,Eşyalı,1,Betonarme,İkinci El,Kiracılı,Kat Mülkiyeti,2.100 TL,Hayır,"Güney, Doğu, Batı",20.000 TL,Elektrik,,,Evet,Ankara,Yenimahalle,3.850.000 TL
3584-28341,29-10-2024,Daire,1 + 1,50 m2 / 40 m2,1. Kat,1 Yaşında,Kombi,4 Katlı,Uygun,Eşyalı Değil,1,Betonarme,,Kiracılı,Kat Mülkiyeti,,Hayır,,,Doğalgaz,,,Evet,Ankara,Çankaya,5.250.000 TL
3584-28282,29-10-2024,Daire,5 + 1,250 m2 / 200 m2,3. Kat,3 Yaşında,Kombi,3 Katlı,Uygun,Eşyalı Değil,4,Betonarme,Sıfır,Boş,Kat İrtifakı,,Hayır,,70.000 TL,Doğalgaz,,,Evet,Ankara,Çankaya,12.800.000 TL
6462-1791,29-10-2024,Villa,4 + 1,332 m2 / 300 m2,,1 Yaşında,Kombi,2 Katlı,Uygun,Eşyalı Değil,4,Betonarme,Sıfır,Boş,Kat Mülkiyeti,,Evet,"Kuzey, Güney, Doğu, Batı",,Doğalgaz,,,Evet,Ankara,Gölbaşı,24.000.000 TL
145771-99,30-10-2024,Daire,3 + 1,143 m2 / 130 m2,1. Kat,1 Yaşında,Yerden Isıtma,13 Katlı,Uygun,Eşyalı Değil,2,Betonarme,İkinci El,Boş,Kat Mülkiyeti,950 TL,Hayır,"Kuzey, Batı",22.000 TL,Doğalgaz,,,Evet,Ankara,Etimesgut,4.300.000 TL
11065-2020,28-09-2024,Daire,3 + 1,145 m2 / 126 m2,2. Kat,36 Yaşında,Merkezi,4 Katlı,Uygun,Eşyalı Değil,1,Betonarme,İkinci El,Kiracılı,Kat Mülkiyeti,3.000 TL,Hayır,"Güney, Batı",13.750 TL,Doğalgaz,,,Evet,Ankara,Çankaya,4.400.000 TL
120088-758,30-10-2024,Daire,1 + 1,55 m2 / 50 m2,2. Kat,Sıfır Bina,Kombi,4 Katlı,Uygun,Eşyalı Değil,2,,,Boş,Kat İrtifakı,,Hayır,"Güney, Doğu",,,,,,Ankara,Çankaya,5.600.000 TL
22003-2083,30-10-2024,Daire,3 + 1,110 m2 / 100 m2,Ara Kat,5 Yaşında,Kombi,3 Katlı,Uygun,Eşyalı Değil,1,Betonarme,İkinci El,Mülk Sahibi,Kat Mülkiyeti,100 TL,Hayır,"Güney, Batı",30.000 TL,,,,Evet,Ankara,Çankaya,6.750.000 TL
0-43624101,30-10-2024,Daire,3 + 1,110 m2 / 100 m2,1. Kat,21 Yaşında,Kat Kaloriferi,3 Katlı,Uygun değil,Eşyalı Değil,1,Taş Bina,İkinci El,Kiracılı,Kat Mülkiyeti,100 TL,Hayır,Güney,,Doğalgaz,5673,13,,Ankara,Keçiören,3.250.000 TL
94433-1201,30-10-2024,Daire,3 + 1,115 m2 / 105 m2,Ara Kat,24 Yaşında,Kombi,3 Katlı,Uygun,Eşyalı Değil,1,Betonarme,İkinci El,Kiracılı,Kat Mülkiyeti,150 TL,Hayır,"Güney, Batı",20.000 TL,Doğalgaz,,,Evet,Ankara,Çankaya,2.850.000 TL
150695-61,30-10-2024,Daire,3 + 1,120 m2 / 105 m2,Yüksek Giriş,25 Yaşında,Kombi,3 Katlı,Uygun,Eşyalı Değil,1,Betonarme,Sıfır,Mülk Sahibi,Kat Mülkiyeti,100 TL,Evet,"Kuzey, Doğu",22.000 TL,Doğalgaz,,,Evet,Ankara,Keçiören,2.349.999 TL
110538-3415,30-10-2024,Villa,6 + 1,320 m2 / 300 m2,,20 Yaşında,Kombi,3 Katlı,Uygun,Eşyalı Değil,3,,İkinci El,Mülk Sahibi,,600 TL,,"Kuzey, Doğu, Batı",,,,,Evet,Ankara,Etimesgut,8.450.000 TL
130404-1262,30-10-2024,Daire,3 + 1,140 m2 / 130 m2,Giriş Katı,5 Yaşında,Kombi,3 Katlı,Uygun,Eşyalı Değil,1,Betonarme,Sıfır,Boş,Kat Mülkiyeti,50 TL,Evet,"Kuzey, Güney, Doğu, Batı",20.000 TL,Doğalgaz,5,4,Evet,Ankara,Keçiören,1.790.000 TL
136243-264,30-10-2024,Villa,6 + 1,200 m2 / 180 m2,Bahçe Katı,16 Yaşında,Kombi,3 Katlı,Uygun değil,Eşyalı Değil,1,,,Kiracılı,,,Evet,,,,,,,Ankara,Yenimahalle,12.500.000 TL
136243-263,30-10-2024,Daire,3 + 1,130 m2 / 120 m2,1. Kat,21 Yaşında,Kombi,3 Katlı,Uygun,Eşyalı Değil,1,,,Boş,Kat Mülkiyeti,,Hayır,"Kuzey, Güney, Doğu",,,,,,Ankara,Sincan,2.589.000 TL
144991-151,30-10-2024,Daire,2 + 1,115 m2 / 105 m2,Kot 1,12 Yaşında,Kombi,4 Katlı,Uygun,Eşyalı,1,Betonarme,,Kiracılı,Kat Mülkiyeti,,Hayır,Güney,,Doğalgaz,,,Evet,Ankara,Etimesgut,1.998.000 TL
139814-619,30-10-2024,Daire,3 + 1,125 m2 / 115 m2,1. Kat,30 Yaşında,Kombi,3 Katlı,Uygun,Eşyalı Değil,1,,İkinci El,,Kat Mülkiyeti,100 TL,,"Güney, Doğu",17.000 TL,Doğalgaz,,,Evet,Ankara,Keçiören,2.490.000 TL
97895-1837,30-10-2024,Daire,2 + 1,85 m2 / 76 m2,Kot 1,11 Yaşında,Merkezi (Pay Ölçer),11 Katlı,Uygun,Eşyalı Değil,1,Betonarme,İkinci El,Boş,Kat Mülkiyeti,700 TL,Hayır,"Güney, Batı",10.000 TL,Doğalgaz,,,Evet,Ankara,Etimesgut,1.670.000 TL
37380-4382,30-10-2024,Daire,2 + 1,110 m2 / 90 m2,2. Kat,46 Yaşında,Kombi,3 Katlı,Uygun,Eşyalı Değil,1,,İkinci El,Kiracılı,Kat Mülkiyeti,300 TL,,"Güney, Doğu",,,,,Evet,Ankara,Çankaya,4.500.000 TL
141761-909,30-10-2024,Daire,4 + 1,196 m2 / 171 m2,21 ve üzeri,4 Yaşında,Merkezi (Pay Ölçer),26 Katlı,Uygun,Eşyalı Değil,2,,İkinci El,Mülk Sahibi,Kat Mülkiyeti,,,"Kuzey, Batı",,,63933,3,Evet,Ankara,Etimesgut,12.000.000 TL
133274-313,30-10-2024,Daire,2 + 1,85 m2 / 76 m2,Ara Kat,11 Yaşında,Merkezi (Pay Ölçer),13 Katlı,Uygun,Eşyalı Değil,1,Betonarme,İkinci El,Boş,Kat Mülkiyeti,750 TL,Hayır,"Güney, Batı",,Doğalgaz,,,Evet,Ankara,Etimesgut,2.099.000 TL
131496-564,30-10-2024,Daire,4 + 1,200 m2 / 185 m2,12. Kat,2 Yaşında,Kombi,16 Katlı,Uygun,Eşyalı Değil,2,,,Boş,Kat Mülkiyeti,,Evet,"Güney, Doğu, Batı",,,,,,Ankara,Pursaklar,6.500.000 TL
67045-261,30-10-2024,Daire,3 + 1,145 m2 / 130 m2,Yüksek Giriş,10 Yaşında,Kombi,3 Katlı,Uygun,Eşyalı Değil,1,Betonarme,İkinci El,Boş,Kat Mülkiyeti,,Hayır,"Güney, Doğu, Batı",,Doğalgaz,,,Evet,Ankara,Etimesgut,3.390.000 TL
21000-683,30-10-2024,Daire,3 + 1,135 m2 / 125 m2,3. Kat,30 Yaşında,Kombi,3 Katlı,Uygun,Eşyalı Değil,1,Betonarme,İkinci El,Boş,Kat Mülkiyeti,100 TL,Hayır,"Kuzey, Batı",,Doğalgaz,,,Evet,Ankara,Çankaya,4.850.000 TL
73018-8550,30-10-2024,Daire,4 + 1,180 m2 / 175 m2,6. Kat,4 Yaşında,Kombi,13 Katlı,Uygun,Eşyalı Değil,2,Betonarme,İkinci El,Kiracılı,Kat Mülkiyeti,,Hayır,"Güney, Doğu",,Doğalgaz,,,,Ankara,Pursaklar,4.950.000 TL
131171-219,30-10-2024,Villa,6 + 1,1.250 m2 / 1.140 m2,,10 Yaşında,Kombi,3 Katlı,Uygun,Eşyalı,2,Taş Bina,İkinci El,Mülk Sahibi,Kat Mülkiyeti,,Evet,"Kuzey, Güney, Doğu, Batı",,Doğalgaz,,,Evet,Ankara,Polatlı,6.850.000 TL
151565-24,30-10-2024,Daire,3 + 1,145 m2 / 135 m2,5. Kat,Sıfır Bina,Kombi,9 Katlı,Uygun,Eşyalı Değil,2,Betonarme,Sıfır,Boş,Kat Mülkiyeti,250 TL,Hayır,"Güney, Batı",30.000 TL,Doğalgaz,,,Evet,Ankara,Mamak,4.950.000 TL
132205-1451,30-10-2024,Daire,2 + 1,110 m2 / 100 m2,Bahçe Katı,8 Yaşında,Kombi,4 Katlı,Uygun,Eşyalı Değil,1,Betonarme,İkinci El,Boş,Kat İrtifakı,,Hayır,Güney,,Doğalgaz,,,Evet,Ankara,Altındağ,1.540.000 TL
62202-64,30-10-2024,Daire,4 + 1,150 m2 / 140 m2,3. Kat,1 Yaşında,Kombi,4 Katlı,Uygun,Eşyalı Değil,2,Betonarme,İkinci El,Boş,Kat Mülkiyeti,250 TL,Hayır,"Kuzey, Güney, Doğu, Batı",35.000 TL,Doğalgaz,,,Evet,Ankara,Gölbaşı,5.100.000 TL
66838-967,30-10-2024,Daire,2 + 1,90 m2 / 80 m2,Bahçe Katı,35 Yaşında,Kombi,3 Katlı,Uygun,Eşyalı Değil,1,Betonarme,İkinci El,Mülk Sahibi,Kat Mülkiyeti,50 TL,Hayır,"Doğu, Batı",12.000 TL,Doğalgaz,,,Evet,Ankara,Keçiören,1.449.000 TL
109341-2913,30-10-2024,Daire,3 + 1,110 m2 / 105 m2,Yüksek Giriş,17 Yaşında,Kombi,3 Katlı,Uygun,Eşyalı Değil,1,Betonarme,İkinci El,Boş,Kat İrtifakı,,Hayır,"Güney, Batı",,Doğalgaz,,,,Ankara,Etimesgut,1.625.000 TL
104874-117,30-10-2024,Daire,1 + 1,125 m2 / 120 m2,3. Kat,20 Yaşında,Kombi,3 Katlı,Uygun,Eşyalı Değil,1,Betonarme,İkinci El,Boş,Kat Mülkiyeti,,Hayır,"Kuzey, Doğu",18.000 TL,Doğalgaz,,,Evet,Ankara,Keçiören,2.750.000 TL
88880-997,30-10-2024,Daire,3 + 1,135 m2 / 115 m2,1. Kat,20 Yaşında,Kombi,6 Katlı,Uygun,Eşyalı Değil,1,Betonarme,İkinci El,Boş,Kat Mülkiyeti,200 TL,Hayır,"Güney, Batı",18.000 TL,Doğalgaz,,,,Ankara,Mamak,2.340.000 TL
138430-157,30-10-2024,Daire,5 + 1,220 m2 / 180 m2,En Üst Kat,25 Yaşında,Kombi,3 Katlı,Uygun,Eşyalı Değil,2,Betonarme,İkinci El,Mülk Sahibi,Kat Mülkiyeti,,Hayır,"Doğu, Batı",,Doğalgaz,,,Evet,Ankara,Keçiören,5.150.000 TL
151723-38,30-10-2024,Daire,3 + 1,140 m2 / 128 m2,Yüksek Giriş,15 Yaşında,Kombi,3 Katlı,Uygun,Eşyalı Değil,1,Betonarme,İkinci El,Boş,Kat Mülkiyeti,,Hayır,"Kuzey, Batı",15.000 TL,Doğalgaz,185,19,Evet,Ankara,Altındağ,2.650.000 TL
127957-239,30-10-2024,Daire,3 + 1,115 m2 / 100 m2,1. Kat,25 Yaşında,Kombi,4 Katlı,Uygun,,2,Betonarme,İkinci El,,Kat Mülkiyeti,500 TL,Hayır,Doğu,18.000 TL,Doğalgaz,,,Evet,Ankara,Etimesgut,2.850.000 TL
41553-7555,30-10-2024,Daire,3 + 1,120 m2 / 110 m2,Yüksek Giriş,25 Yaşında,Merkezi,10 Katlı,Uygun,Eşyalı Değil,1,Betonarme,İkinci El,Mülk Sahibi,Kat Mülkiyeti,1.500 TL,Hayır,,,Doğalgaz,,,Evet,Ankara,Çankaya,3.650.000 TL
142113-198,30-10-2024,Daire,3 + 1,120 m2 / 110 m2,3. Kat,20 Yaşında,Kombi,3 Katlı,Uygun,Eşyalı Değil,1,Taş Bina,İkinci El,Boş,Kat Mülkiyeti,200 TL,Hayır,"Güney, Doğu",15.000 TL,Doğalgaz,3,1,Evet,Ankara,Keçiören,2.490.000 TL
108601-170,30-10-2024,Daire,3 + 1,145 m2 / 125 m2,3. Kat,10 Yaşında,Kombi,3 Katlı,Uygun,Eşyalı Değil,1,Betonarme,İkinci El,Mülk Sahibi,Kat Mülkiyeti,150 TL,Evet,"Kuzey, Batı",18.000 TL,Doğalgaz,12345,2,Evet,Ankara,Altındağ,3.450.000 TL
61688-4615,30-10-2024,Daire,3 + 1,125 m2 / 120 m2,5. Kat,30 Yaşında,Kombi,6 Katlı,Uygun,Eşyalı Değil,1,Betonarme,İkinci El,Mülk Sahibi,Kat Mülkiyeti,150 TL,Evet,"Güney, Doğu",25.000 TL,Doğalgaz,,,Evet,Ankara,Yenimahalle,3.600.000 TL
0-43622368,30-10-2024,Daire,3 + 1,125 m2 / 115 m2,Ara Kat,15 Yaşında,Kombi,3 Katlı,Uygun,Eşyalı Değil,1,Betonarme,İkinci El,Boş,Kat İrtifakı,100 TL,Hayır,Kuzey,20.000 TL,Doğalgaz,,,,Ankara,Mamak,2.225.000 TL
23739-2511,30-10-2024,Daire,3 + 1,120 m2 / 110 m2,Kot 3,15 Yaşında,Kombi,5 Katlı,Uygun,Eşyalı Değil,1,Betonarme,İkinci El,Boş,Kat Mülkiyeti,200 TL,Hayır,"Güney, Doğu",25.000 TL,Doğalgaz,,,Evet,Ankara,Çankaya,3.650.000 TL
140913-264,29-10-2024,Daire,3 + 1,175 m2 / 155 m2,4. Kat,5 Yaşında,Merkezi (Pay Ölçer),8 Katlı,Uygun,Eşyalı Değil,2,,,Boş,Kat Mülkiyeti,400 TL,Evet,"Kuzey, Güney, Doğu, Batı",,,,,,Ankara,Keçiören,4.950.000 TL
68766-5241,30-10-2024,Daire,3 + 1,130 m2 / 120 m2,1. Kat,25 Yaşında,Kombi,4 Katlı,Uygun,Eşyalı,1,Betonarme,İkinci El,Mülk Sahibi,Kat Mülkiyeti,,Hayır,"Güney, Batı",,Doğalgaz,,,,Ankara,Sincan,2.649.000 TL
5697-1291,30-10-2024,Müstakil Ev,1 + 1,84 m2 / 75 m2,,Sıfır Bina,Soba,1 Katlı,Uygun değil,,,Betonarme,,Mülk Sahibi,Kooperatiften Tapu,50 TL,,"Güney, Doğu, Batı",,Kömür-Odun,115364,133,,Ankara,Gölbaşı,2.670.000 TL
142021-7,30-10-2024,Daire,3 + 1,135 m2 / 115 m2,4. Kat,18 Yaşında,Kombi,4 Katlı,Uygun,Eşyalı Değil,1,Betonarme,İkinci El,Kiracılı,Kat İrtifakı,150 TL,Hayır,"Güney, Doğu, Batı",,Doğalgaz,,,Evet,Ankara,Mamak,2.250.000 TL
56045-5572,30-10-2024,Daire,3 + 1,175 m2 / 150 m2,5. Kat,7 Yaşında,Kombi,13 Katlı,Uygun,Eşyalı Değil,2,Betonarme,İkinci El,Mülk Sahibi,Kat Mülkiyeti,,Hayır,"Güney, Doğu, Batı",,Doğalgaz,,,Evet,Ankara,Keçiören,4.950.000 TL
35751-285,30-10-2024,Daire,2 + 1,95 m2 / 85 m2,3. Kat,35 Yaşında,Kombi,14 Katlı,Uygun,Eşyalı,1,Betonarme,İkinci El,Kiracılı,Kat Mülkiyeti,200 TL,Hayır,Batı,10.000 TL,Doğalgaz,,,Evet,Ankara,Çankaya,3.300.000 TL
95979-1555,30-10-2024,Daire,3 + 1,125 m2 / 120 m2,Ara Kat,15 Yaşında,Kombi,3 Katlı,Uygun,Eşyalı Değil,1,Betonarme,İkinci El,Boş,Kat Mülkiyeti,,Hayır,"Kuzey, Güney, Doğu",17.000 TL,Doğalgaz,,,Evet,Ankara,Etimesgut,2.800.000 TL
13712-2051,30-10-2024,Daire,4 + 1,180 m2 / 170 m2,3. Kat,28 Yaşında,Merkezi,4 Katlı,Uygun,Eşyalı Değil,2,Betonarme,İkinci El,Boş,Kat Mülkiyeti,1.500 TL,Hayır,"Güney, Doğu",20.000 TL,Doğalgaz,,,Evet,Ankara,Çankaya,6.500.000 TL
92647-3941,30-10-2024,Daire,4 + 1,180 m2 / 170 m2,1. Kat,Sıfır Bina,Merkezi (Pay Ölçer),8 Katlı,Uygun,Eşyalı Değil,2,Betonarme,Sıfır,Boş,Kat Mülkiyeti,,Evet,"Kuzey, Güney, Doğu, Batı",,Doğalgaz,,,Evet,Ankara,Etimesgut,8.500.000 TL
10345-5718,30-10-2024,Daire,4 + 1,230 m2 / 200 m2,4. Kat,3 Yaşında,Merkezi (Pay Ölçer),20 Katlı,Uygun,Eşyalı,3,Betonarme,İkinci El,Mülk Sahibi,Kat Mülkiyeti,,Evet,"Güney, Batı",,Doğalgaz,,,Evet,Ankara,Keçiören,15.000.000 TL
134545-374,30-10-2024,Daire,3 + 1,160 m2 / 140 m2,1. Kat,15 Yaşında,Kombi,3 Katlı,Uygun,Eşyalı Değil,1,Betonarme,İkinci El,Kiracılı,,150 TL,Evet,Güney,15.000 TL,Doğalgaz,,,Evet,Ankara,Mamak,2.900.000 TL
5116-1439,30-10-2024,Daire,3 + 1,135 m2 / 125 m2,2. Kat,4 Yaşında,Kombi,3 Katlı,Uygun,Eşyalı Değil,1,Betonarme,İkinci El,Mülk Sahibi,Kat Mülkiyeti,,Evet,"Güney, Batı",20.000 TL,Doğalgaz,,,Evet,Ankara,Keçiören,3.150.000 TL
25673-7168,30-10-2024,Daire,3 + 1,140 m2 / 125 m2,2. Kat,12 Yaşında,Kombi,10 Katlı,Uygun,Eşyalı Değil,1,Betonarme,İkinci El,Kiracılı,Kat Mülkiyeti,300 TL,Hayır,"Kuzey, Doğu, Batı",25.000 TL,Doğalgaz,,,Evet,Ankara,Mamak,4.550.000 TL
56586-3796,30-10-2024,Daire,3 + 1,160 m2 / 140 m2,1. Kat,2 Yaşında,Kombi,4 Katlı,Uygun,Eşyalı Değil,2,,,Mülk Sahibi,Kat Mülkiyeti,100 TL,Hayır,"Güney, Doğu",,,,,,Ankara,Keçiören,3.690.000 TL
129976-1446,30-10-2024,Daire,5 + 1,200 m2 / 180 m2,4. Kat,5 Yaşında,Kombi,4 Katlı,Uygun,Eşyalı Değil,2,Kagir,İkinci El,Mülk Sahibi,,,Evet,"Kuzey, Güney, Doğu, Batı",,Doğalgaz,,,Evet,Ankara,Keçiören,3.799.000 TL
75812-1744,30-10-2024,Daire,3 + 1,135 m2 / 120 m2,2. Kat,15 Yaşında,Kombi,3 Katlı,Uygun,Eşyalı Değil,1,Betonarme,İkinci El,Boş,Kat Mülkiyeti,100 TL,Evet,Güney,20.000 TL,Doğalgaz,,,Evet,Ankara,Keçiören,3.600.000 TL
121003-4047,30-10-2024,Daire,3 + 1,130 m2 / 120 m2,Kot 2,25 Yaşında,Kombi,3 Katlı,Uygun,Eşyalı Değil,1,Betonarme,İkinci El,Boş,Kat Mülkiyeti,100 TL,Evet,"Güney, Doğu, Batı",15.000 TL,Doğalgaz,,,Evet,Ankara,Yenimahalle,1.990.000 TL
130641-936,30-10-2024,Daire,3 + 1,120 m2 / 115 m2,Kot 3,15 Yaşında,Kombi,5 Katlı,Uygun,Eşyalı Değil,1,Betonarme,İkinci El,Mülk Sahibi,Kat İrtifakı,,Evet,Kuzey,15.000 TL,Doğalgaz,,,Evet,Ankara,Yenimahalle,2.300.000 TL
151077-91,30-10-2024,Daire,2 + 1,100 m2 / 90 m2,Yüksek Giriş,14 Yaşında,Kombi,4 Katlı,Uygun,Eşyalı Değil,1,Betonarme,İkinci El,Mülk Sahibi,Kat Mülkiyeti,,Hayır,"Güney, Doğu",,Doğalgaz,,,Evet,Ankara,Sincan,1.719.000 TL
99289-1998,30-10-2024,Daire,3 + 1,120 m2 / 110 m2,Bahçe Katı,21 Yaşında,Kombi,4 Katlı,Uygun,,1,Betonarme,İkinci El,Boş,Kat Mülkiyeti,,,"Kuzey, Batı",,Doğalgaz,,,,Ankara,Sincan,1.389.000 TL
112240-1070,30-10-2024,Daire,2 + 1,120 m2 / 117 m2,Yüksek Giriş,21 Yaşında,Kombi,3 Katlı,Uygun,Eşyalı Değil,1,Betonarme,İkinci El,Kiracılı,Kat Mülkiyeti,,Hayır,"Kuzey, Batı",,Doğalgaz,,,Evet,Ankara,Sincan,1.679.000 TL
92223-2464,30-10-2024,Daire,4 + 1,290 m2 / 280 m2,3. Kat,4 Yaşında,Kombi,3 Katlı,Uygun,Eşyalı Değil,3,Betonarme,İkinci El,Mülk Sahibi,Kat Mülkiyeti,150 TL,Evet,"Güney, Doğu, Batı",25.000 TL,Doğalgaz,,,Evet,Ankara,Mamak,3.899.000 TL
9639-19146,30-10-2024,Daire,3 + 1,130 m2 / 120 m2,2. Kat,19 Yaşında,Kombi,4 Katlı,Uygun,Eşyalı Değil,1,Betonarme,İkinci El,Boş,Kat Mülkiyeti,,Hayır,"Kuzey, Doğu",35.000 TL,,,,Evet,Ankara,Çankaya,5.890.000 TL
6464-11579,30-10-2024,Daire,3 + 1,125 m2 / 115 m2,2. Kat,30 Yaşında,Kombi,2 Katlı,Uygun,Eşyalı Değil,1,Betonarme,İkinci El,Kiracılı,Kat Mülkiyeti,300 TL,Hayır,"Güney, Batı",,Doğalgaz,,,Evet,Ankara,Çankaya,3.750.000 TL
69365-5545,30-10-2024,Daire,3 + 1,125 m2 / 115 m2,4. Kat,23 Yaşında,Kombi,4 Katlı,Uygun,Eşyalı Değil,1,,Betonarme,Boş,Kat Mülkiyeti,60 TL,Hayır,"Güney, Batı",14.000 TL,Doğalgaz,,,,Ankara,Sincan,1.759.000 TL
36851-29302,30-10-2024,Daire,6 + 1,320 m2 / 250 m2,4. Kat,15 Yaşında,Merkezi,4 Katlı,Uygun,Eşyalı Değil,4,Betonarme,İkinci El,Kiracılı,Kat Mülkiyeti,,Hayır,"Kuzey, Güney, Doğu",,Doğalgaz,,,Evet,Ankara,Çankaya,7.750.000 TL
119164-2585,30-10-2024,Daire,3 + 1,145 m2 / 135 m2,3. Kat,32 Yaşında,Kombi,3 Katlı,Uygun,Eşyalı Değil,1,Betonarme,İkinci El,Boş,Kat Mülkiyeti,150 TL,Hayır,"Kuzey, Batı",27.500 TL,Doğalgaz,,,Evet,Ankara,Çankaya,4.850.000 TL
149863-61,30-10-2024,Daire,3 + 1,140 m2 / 130 m2,En Üst Kat,Sıfır Bina,Kombi,2 Katlı,Uygun,Eşyalı Değil,2,Betonarme,Sıfır,Boş,Kat İrtifakı,,Evet,Güney,,Doğalgaz,,,Evet,Ankara,Sincan,3.200.000 TL
151016-44,30-10-2024,Daire,3 + 1,130 m2 / 120 m2,En Üst Kat,15 Yaşında,Kombi,3 Katlı,Uygun,Eşyalı Değil,1,Betonarme,İkinci El,Boş,Kat Mülkiyeti,,Evet,"Güney, Doğu, Batı",,Doğalgaz,,,Evet,Ankara,Sincan,2.399.000 TL
104775-5385,30-10-2024,Daire,3 + 1,115 m2 / 110 m2,2. Kat,16 Yaşında,Kombi,3 Katlı,Uygun,Eşyalı Değil,1,Betonarme,İkinci El,Boş,Kat Mülkiyeti,75 TL,Evet,"Kuzey, Güney, Doğu, Batı",17.000 TL,Doğalgaz,,,Evet,Ankara,Mamak,2.049.000 TL
131987-2769,30-10-2024,Daire,1 + 1,70 m2 / 60 m2,Kot 3,15 Yaşında,Kombi,3 Katlı,Uygun,Eşyalı,1,Betonarme,İkinci El,Boş,Kat Mülkiyeti,,Hayır,"Güney, Doğu",,Doğalgaz,,,Evet,Ankara,Keçiören,1.250.000 TL
133073-1301,30-10-2024,Daire,3 + 1,150 m2 / 140 m2,5. Kat,8 Yaşında,Merkezi,10 Katlı,Uygun,Eşyalı Değil,1,Betonarme,İkinci El,Mülk Sahibi,Kat Mülkiyeti,,Hayır,"Güney, Doğu",17.000 TL,Doğalgaz,,,Evet,Ankara,Altındağ,3.150.000 TL
137758-835,30-10-2024,Daire,4 + 1,245 m2 / 210 m2,3. Kat,14 Yaşında,Kombi,3 Katlı,Uygun,Eşyalı Değil,2,Betonarme,İkinci El,Kiracılı,Kat Mülkiyeti,200 TL,Evet,"Güney, Doğu, Batı",,Doğalgaz,,,Evet,Ankara,Keçiören,3.950.000 TL
130172-4586,30-10-2024,Daire,3 + 1,125 m2 / 115 m2,Yüksek Giriş,23 Yaşında,Kombi,3 Katlı,Uygun,Eşyalı Değil,1,,Betonarme,Boş,Kat Mülkiyeti,75 TL,Hayır,"Güney, Batı",15.000 TL,Doğalgaz,,,,Ankara,Sincan,1.819.000 TL
122493-2561,30-10-2024,Daire,3 + 1,125 m2 / 120 m2,3. Kat,13 Yaşında,Kombi,3 Katlı,Uygun,Eşyalı Değil,1,Betonarme,İkinci El,,Tapu Yok,,Hayır,"Güney, Batı",,Doğalgaz,,,Evet,Ankara,Keçiören,2.995.000 TL
17943-1581,30-10-2024,Daire,3 + 1,140 m2 / 125 m2,2. Kat,30 Yaşında,Kombi,5 Katlı,Uygun,Eşyalı Değil,1,Betonarme,İkinci El,Kiracılı,Kat Mülkiyeti,200 TL,Hayır,Batı,20.000 TL,Doğalgaz,,,Evet,Ankara,Çankaya,4.350.000 TL
111176-2230,30-10-2024,Daire,2 + 1,85 m2 / 80 m2,Kot 1,30 Yaşında,Kombi,4 Katlı,Uygun,Eşyalı Değil,1,Betonarme,İkinci El,,Kat Mülkiyeti,100 TL,Hayır,Batı,13.000 TL,Doğalgaz,,,,Ankara,Keçiören,1.890.000 TL
53451-1511,30-10-2024,Daire,6 + 1,290 m2 / 270 m2,Teras Katı,Sıfır Bina,Kombi,3 Katlı,Uygun,Eşyalı Değil,2,,Sıfır,Boş,Kat Mülkiyeti,50 TL,Hayır,,30.000 TL,Doğalgaz,,,Evet,Ankara,Yenimahalle,8.000.000 TL
4901-6530,29-10-2024,Daire,3 + 1,130 m2 / 120 m2,1. Kat,Sıfır Bina,Kombi,4 Katlı,Uygun,Eşyalı Değil,2,Betonarme,Sıfır,Boş,Kat Mülkiyeti,100 TL,Evet,"Kuzey, Güney, Doğu, Batı",16.000 TL,Doğalgaz,,,Evet,Ankara,Keçiören,3.650.000 TL
151487-1,30-10-2024,Daire,3 + 0,115 m2 / 100 m2,Yüksek Giriş,19 Yaşında,Kombi,3 Katlı,Uygun değil,Eşyalı Değil,1,Betonarme,İkinci El,Boş,Kat Mülkiyeti,,Evet,,12.000 TL,Doğalgaz,1665,6,Evet,Ankara,Polatlı,1.635.000 TL
85725-2663,30-10-2024,Daire,4 + 1,150 m2 / 140 m2,2. Kat,Sıfır Bina,Kombi,9 Katlı,Uygun,Eşyalı Değil,2,Betonarme,Sıfır,Boş,Kat Mülkiyeti,,Hayır,"Güney, Doğu",,Doğalgaz,,,Evet,Ankara,Sincan,4.800.000 TL
5497-6591,30-10-2024,Daire,3 + 1,135 m2 / 125 m2,1. Kat,5 Yaşında,Kombi,3 Katlı,Uygun,Eşyalı Değil,1,Betonarme,Sıfır,Boş,Kat İrtifakı,125 TL,Hayır,"Kuzey, Doğu, Batı",25.000 TL,Doğalgaz,,,Evet,Ankara,Keçiören,3.000.000 TL
88358-1249,30-10-2024,Daire,3 + 1,145 m2 / 130 m2,2. Kat,18 Yaşında,Doğalgaz Sobası,4 Katlı,Uygun,Eşyalı Değil,1,Betonarme,Sıfır,Mülk Sahibi,Kat Mülkiyeti,250 TL,Hayır,Güney,25.000 TL,Doğalgaz,31157,8,Evet,Ankara,Keçiören,3.400.000 TL
115748-626,30-10-2024,Daire,3 + 1,135 m2 / 125 m2,7. Kat,20 Yaşında,Merkezi,9 Katlı,Uygun,Eşyalı Değil,1,Betonarme,İkinci El,Boş,Kat Mülkiyeti,1.000 TL,Hayır,"Güney, Batı",25.000 TL,Doğalgaz,,,Evet,Ankara,Keçiören,4.190.000 TL
68766-5242,30-10-2024,Daire,3 + 1,133 m2 / 122 m2,2. Kat,120 Yaşında,Kombi,4 Katlı,Uygun,Eşyalı,1,Betonarme,İkinci El,Boş,Kat Mülkiyeti,,Hayır,"Kuzey, Doğu",,Doğalgaz,,,,Ankara,Sincan,2.599.000 TL
86972-2333,30-10-2024,Daire,4 + 1,190 m2 / 170 m2,1. Kat,Sıfır Bina,Yerden Isıtma,10 Katlı,Uygun,Eşyalı Değil,2,Betonarme,Sıfır,Boş,Kat Mülkiyeti,,Evet,"Güney, Doğu, Batı",35.000 TL,Doğalgaz,,,Evet,Ankara,Etimesgut,7.900.000 TL
123094-2147,30-10-2024,Daire,3 + 1,120 m2 / 115 m2,Kot 3,25 Yaşında,Kombi,6 Katlı,Uygun,Eşyalı Değil,1,Betonarme,İkinci El,Kiracılı,Kat Mülkiyeti,,Hayır,"Güney, Doğu",,Doğalgaz,,,Evet,Ankara,Mamak,1.595.000 TL
10249-4024,30-10-2024,Daire,3 + 1,160 m2 / 135 m2,1. Kat,16 Yaşında,Kombi,3 Katlı,Uygun,Eşyalı Değil,1,Betonarme,İkinci El,Boş,Kat Mülkiyeti,,Evet,"Kuzey, Doğu",20.000 TL,Doğalgaz,,,Evet,Ankara,Çankaya,3.400.000 TL
13712-2163,30-10-2024,Daire,3 + 1,110 m2 / 105 m2,8. Kat,50 Yaşında,Merkezi,8 Katlı,Uygun,Eşyalı Değil,1,Betonarme,İkinci El,Boş,Kat Mülkiyeti,1.500 TL,Hayır,"Güney, Batı",20.000 TL,Doğalgaz,,,Evet,Ankara,Çankaya,4.600.000 TL
142021-6,30-10-2024,Daire,3 + 1,135 m2 / 115 m2,Ara Kat,18 Yaşında,Kombi,7 Katlı,Uygun,Eşyalı Değil,1,Betonarme,İkinci El,Kiracılı,Kat İrtifakı,150 TL,Hayır,"Güney, Doğu, Batı",,Doğalgaz,,,Evet,Ankara,Mamak,2.350.000 TL
28851-15897,30-10-2024,Daire,4 + 1,195 m2 / 185 m2,3. Kat,10 Yaşında,Kombi,3 Katlı,Uygun,Eşyalı Değil,1,Betonarme,İkinci El,Mülk Sahibi,Kat Mülkiyeti,100 TL,Hayır,Batı,20.000 TL,Doğalgaz,,,Evet,Ankara,Etimesgut,3.625.000 TL
53138-11276,30-10-2024,Daire,3 + 1,130 m2 / 120 m2,2. Kat,Sıfır Bina,Kombi,4 Katlı,Uygun,Eşyalı Değil,2,Betonarme,Sıfır,Boş,Kat Mülkiyeti,,Hayır,"Güney, Doğu",14.500 TL,Doğalgaz,,,Evet,Ankara,Mamak,2.500.000 TL
10345-5719,30-10-2024,Daire,6 + 1,220 m2 / 200 m2,En Üst Kat,15 Yaşında,Kombi,3 Katlı,Uygun,Eşyalı Değil,2,Betonarme,Sıfır,Boş,Kat Mülkiyeti,100 TL,Hayır,"Güney, Doğu, Batı",,Doğalgaz,,,Evet,Ankara,Keçiören,4.200.000 TL
136047-622,30-10-2024,Daire,3 + 1,125 m2 / 115 m2,Ara Kat,8 Yaşında,Kombi,3 Katlı,Uygun,Eşyalı Değil,1,Betonarme,İkinci El,Mülk Sahibi,Kat Mülkiyeti,,Evet,Batı,25.000 TL,Doğalgaz,1,1,Evet,Ankara,Sincan,3.159.000 TL
138675-486,30-10-2024,Daire,6 + 1,270 m2 / 260 m2,En Üst Kat,20 Yaşında,Kombi,4 Katlı,Uygun,Eşyalı Değil,2,Betonarme,İkinci El,Mülk Sahibi,Kat Mülkiyeti,150 TL,Hayır,"Güney, Doğu",25.000 TL,Doğalgaz,,,Evet,Ankara,Keçiören,3.800.000 TL
138675-485,30-10-2024,Daire,2 + 1,110 m2 / 100 m2,Yüksek Giriş,25 Yaşında,Kombi,2 Katlı,Uygun,Eşyalı Değil,1,Betonarme,İkinci El,Boş,Kat Mülkiyeti,100 TL,Evet,"Güney, Batı",16.000 TL,Doğalgaz,,,Evet,Ankara,Keçiören,1.890.000 TL
120088-756,30-10-2024,Daire,4 + 1,220 m2 / 200 m2,3. Kat,21 Yaşında,Kombi,3 Katlı,Uygun değil,Eşyalı Değil,2,,,Boş,Kat Mülkiyeti,2 TL,Hayır,"Güney, Doğu",,,,,,Ankara,Çankaya,8.000.000 TL
120088-757,30-10-2024,Daire,2 + 1,90 m2 / 80 m2,1. Kat,11 Yaşında,Kombi,3 Katlı,Uygun,Eşyalı Değil,1,,,Kiracılı,Kat Mülkiyeti,,Hayır,"Kuzey, Batı",,,,,,Ankara,Çankaya,5.850.000 TL
120088-755,30-10-2024,Daire,3 + 1,110 m2 / 100 m2,1. Kat,Sıfır Bina,Kombi,3 Katlı,Uygun,Eşyalı Değil,2,,,Boş,Kat Mülkiyeti,,Hayır,Batı,,,,,,Ankara,Çankaya,9.000.000 TL
14871-1477,30-10-2024,Daire,2 + 1,100 m2 / 90 m2,Bahçe Katı,25 Yaşında,Kombi,3 Katlı,Uygun,Eşyalı,1,Betonarme,İkinci El,Boş,Kat Mülkiyeti,100 TL,Hayır,Doğu,12.000 TL,,,,Evet,Ankara,Keçiören,1.600.000 TL
22633-3444,30-10-2024,Daire,3 + 1,100 m2 / 99 m2,4. Kat,40 Yaşında,Kombi,5 Katlı,Uygun değil,Eşyalı Değil,1,Betonarme,İkinci El,Boş,,,Hayır,"Güney, Doğu",11.000 TL,Doğalgaz,,,Evet,Ankara,Altındağ,2.600.000 TL
9998-2567,30-10-2024,Daire,2 + 1,125 m2 / 115 m2,Çatı Katı,31 Yaşında,Merkezi,6 Katlı,Uygun,Eşyalı Değil,1,,,Kiracılı,Kat Mülkiyeti,1.3 TL,Hayır,"Güney, Doğu, Batı",,,,,,Ankara,Çankaya,4.450.000 TL
120088-754,30-10-2024,Daire,3 + 1,125 m2 / 110 m2,2. Kat,Sıfır Bina,Kombi,4 Katlı,Uygun değil,Eşyalı Değil,2,,,Boş,Kat İrtifakı,,Hayır,"Güney, Doğu",,,,,,Ankara,Çankaya,10.000.000 TL
130404-1264,30-10-2024,Daire,3 + 1,140 m2 / 130 m2,3. Kat,18 Yaşında,Kombi,3 Katlı,Uygun,Eşyalı Değil,1,,Sıfır,Boş,Kat Mülkiyeti,50 TL,Evet,"Kuzey, Güney, Doğu, Batı",22.000 TL,Doğalgaz,5,4,Evet,Ankara,Keçiören,2.600.000 TL
144668-71,30-10-2024,Daire,3 + 1,140 m2 / 130 m2,2. Kat,21 Yaşında,Kombi,3 Katlı,Uygun,Eşyalı Değil,1,Betonarme,İkinci El,Mülk Sahibi,Tapu Yok,,Hayır,"Güney, Batı",30.000 TL,Doğalgaz,,,Evet,Ankara,Keçiören,3.890.000 TL
130404-1263,30-10-2024,Daire,3 + 1,140 m2 / 130 m2,1. Kat,18 Yaşında,Kombi,2 Katlı,Uygun,Eşyalı Değil,1,Betonarme,Sıfır,Boş,Kat Mülkiyeti,50 TL,Evet,"Kuzey, Güney, Doğu, Batı",25.000 TL,Doğalgaz,5,4,Evet,Ankara,Keçiören,2.390.000 TL
120171-2530,29-10-2024,Daire,3 + 1,125 m2 / 120 m2,Yüksek Giriş,Sıfır Bina,Kombi,4 Katlı,Uygun,Eşyalı Değil,1,Betonarme,Sıfır,Boş,Kat Mülkiyeti,100 TL,Evet,"Güney, Doğu, Batı",15.000 TL,Doğalgaz,,,Evet,Ankara,Sincan,2.875.000 TL
136615-338,29-10-2024,Daire,3 + 1,115 m2 / 100 m2,1. Kat,15 Yaşında,Kombi,3 Katlı,Uygun,Eşyalı Değil,1,Betonarme,,Kiracılı,Kat Mülkiyeti,,Hayır,,,Doğalgaz,,,Evet,Ankara,Mamak,2.750.000 TL
9998-2566,30-10-2024,Daire,3 + 1,170 m2 / 150 m2,Yüksek Giriş,16 Yaşında,Merkezi,8 Katlı,Uygun,Eşyalı Değil,2,,,Boş,Kat Mülkiyeti,4 TL,Hayır,"Güney, Doğu",,,,,,Ankara,Çankaya,10.850.000 TL
4901-6553,30-10-2024,Daire,3 + 1,110 m2 / 100 m2,Kot 1,20 Yaşında,Kombi,3 Katlı,Uygun,Eşyalı Değil,1,Betonarme,İkinci El,Mülk Sahibi,Kat Mülkiyeti,200 TL,Evet,"Kuzey, Güney, Doğu, Batı",15.000 TL,Doğalgaz,,,Evet,Ankara,Keçiören,2.249.000 TL
144270-1484,30-10-2024,Daire,5 + 2,235 m2 / 230 m2,Teras Katı,23 Yaşında,Kombi,4 Katlı,Uygun,Eşyalı Değil,2,Betonarme,İkinci El,Boş,Tapu Yok,,Hayır,"Kuzey, Doğu, Batı",,Doğalgaz,,,Evet,Ankara,Sincan,3.200.000 TL
144579-95,29-10-2024,Daire,3 + 1,130 m2 / 120 m2,1. Kat,2 Yaşında,Kat Kaloriferi,3 Katlı,Uygun,Eşyalı Değil,2,Betonarme,İkinci El,Boş,Kat Mülkiyeti,,Evet,"Güney, Batı",20.000 TL,Doğalgaz,,,Evet,Ankara,Mamak,2.980.000 TL
15736-3054,25-10-2024,Daire,3 + 1,110 m2 / 105 m2,Yüksek Giriş,16 Yaşında,Kombi,3 Katlı,Uygun,Eşyalı Değil,1,,,Kiracılı,Kat Mülkiyeti,250 TL,Hayır,Doğu,,,,,,Ankara,Çankaya,3.250.000 TL
53138-11487,24-10-2024,Daire,3 + 1,150 m2 / 140 m2,4. Kat,7 Yaşında,Kombi,5 Katlı,Uygun,Eşyalı Değil,1,Betonarme,İkinci El,Mülk Sahibi,Kat Mülkiyeti,,Hayır,"Güney, Doğu",16.000 TL,Doğalgaz,,,Evet,Ankara,Mamak,2.895.000 TL
63021-8265,29-09-2024,Daire,3 + 1,90 m2 / 80 m2,Kot 1,30 Yaşında,Kombi,2 Katlı,Uygun,Eşyalı Değil,1,Betonarme,İkinci El,Mülk Sahibi,Kat Mülkiyeti,,Hayır,,15.000 TL,Doğalgaz,,,Evet,Ankara,Çankaya,1.890.000 TL
65431-13797,30-10-2024,Daire,3 + 1,125 m2 / 120 m2,3. Kat,20 Yaşında,Kombi,3 Katlı,Uygun,Eşyalı Değil,1,Betonarme,İkinci El,Mülk Sahibi,Kat Mülkiyeti,,Hayır,Güney,,Doğalgaz,,,Evet,Ankara,Pursaklar,2.500.000 TL
120171-2535,29-10-2024,Daire,2 + 1,90 m2 / 80 m2,Yüksek Giriş,16 Yaşında,Kombi,4 Katlı,Uygun,Eşyalı Değil,1,,,Boş,Kat Mülkiyeti,100 TL,Evet,"Güney, Doğu, Batı",,,,,,Ankara,Sincan,1.499.000 TL
121228-1464,29-10-2024,Daire,3 + 1,130 m2 / 120 m2,Bahçe Katı,30 Yaşında,Kombi,3 Katlı,Uygun,Eşyalı Değil,2,Betonarme,İkinci El,Boş,Kat Mülkiyeti,,Hayır,"Kuzey, Doğu, Batı",20.000 TL,Doğalgaz,,,,Ankara,Mamak,1.950.000 TL
128355-1769,26-10-2024,Daire,3 + 1,115 m2 / 110 m2,Ara Kat,15 Yaşında,Kombi,3 Katlı,Uygun,Eşyalı Değil,1,Betonarme,İkinci El,Boş,Kat Mülkiyeti,,Evet,"Güney, Batı",,Doğalgaz,,,Evet,Ankara,Mamak,2.288.000 TL
42097-1607,24-10-2024,Daire,3 + 1,140 m2 / 125 m2,En Üst Kat,12 Yaşında,Kombi,3 Katlı,Uygun,Eşyalı Değil,1,Betonarme,İkinci El,Kiracılı,Kat İrtifakı,,Hayır,,,Doğalgaz,,,Evet,Ankara,Polatlı,2.400.000 TL
11065-2021,19-10-2024,Daire,3 + 1,145 m2 / 126 m2,1. Kat,36 Yaşında,Merkezi,4 Katlı,Uygun,Eşyalı Değil,1,Betonarme,İkinci El,Kiracılı,Kat Mülkiyeti,3.000 TL,Hayır,"Kuzey, Batı",25.000 TL,Doğalgaz,,,Evet,Ankara,Çankaya,4.250.000 TL
